datetime_beginning_utc,datetime_beginning_ept,pnode_id,pnode_name,voltage,equipment,type,zone,system_energy_price_da,total_lmp_da,congestion_price_da,marginal_loss_price_da,row_is_current,version_nbr
2/1/2026 5:00:00 AM,2/1/2026 12:00:00 AM,1,PJM-RTO,,,ZONE,,282.24,308.790480,22.237212,4.313268,True,1
2/1/2026 6:00:00 AM,2/1/2026 1:00:00 AM,1,PJM-RTO,,,ZONE,,252.85,277.338470,21.737321,2.751148,True,1
2/1/2026 7:00:00 AM,2/1/2026 2:00:00 AM,1,PJM-RTO,,,ZONE,,255.55,281.548849,23.369730,2.629119,True,1
2/1/2026 8:00:00 AM,2/1/2026 3:00:00 AM,1,PJM-RTO,,,ZONE,,269.44,299.959896,27.559881,2.960015,True,1
2/1/2026 9:00:00 AM,2/1/2026 4:00:00 AM,1,PJM-RTO,,,ZONE,,265.33,293.274717,25.010194,2.934523,True,1
2/1/2026 10:00:00 AM,2/1/2026 5:00:00 AM,1,PJM-RTO,,,ZONE,,256.82,286.839271,26.942765,3.076507,True,1
2/1/2026 11:00:00 AM,2/1/2026 6:00:00 AM,1,PJM-RTO,,,ZONE,,292.96,326.424183,29.811427,3.652757,True,1
2/1/2026 12:00:00 PM,2/1/2026 7:00:00 AM,1,PJM-RTO,,,ZONE,,398.29,455.576515,52.947126,4.339389,True,1
2/1/2026 1:00:00 PM,2/1/2026 8:00:00 AM,1,PJM-RTO,,,ZONE,,274.47,303.154564,25.348387,3.336177,True,1
2/1/2026 2:00:00 PM,2/1/2026 9:00:00 AM,1,PJM-RTO,,,ZONE,,266.12,285.907910,17.030697,2.757213,True,1
2/1/2026 3:00:00 PM,2/1/2026 10:00:00 AM,1,PJM-RTO,,,ZONE,,175.62,193.321421,15.779905,1.921515,True,1
2/1/2026 4:00:00 PM,2/1/2026 11:00:00 AM,1,PJM-RTO,,,ZONE,,165.80,181.040284,13.544521,1.695763,True,1
2/1/2026 5:00:00 PM,2/1/2026 12:00:00 PM,1,PJM-RTO,,,ZONE,,129.67,141.429479,10.422125,1.337354,True,1
2/1/2026 6:00:00 PM,2/1/2026 1:00:00 PM,1,PJM-RTO,,,ZONE,,106.76,115.936060,8.102115,1.073945,True,1
2/1/2026 7:00:00 PM,2/1/2026 2:00:00 PM,1,PJM-RTO,,,ZONE,,104.41,111.658936,6.209308,1.039627,True,1
2/1/2026 8:00:00 PM,2/1/2026 3:00:00 PM,1,PJM-RTO,,,ZONE,,107.06,115.919179,7.900667,0.958512,True,1
2/1/2026 9:00:00 PM,2/1/2026 4:00:00 PM,1,PJM-RTO,,,ZONE,,133.75,146.432762,11.312902,1.369860,True,1
2/1/2026 10:00:00 PM,2/1/2026 5:00:00 PM,1,PJM-RTO,,,ZONE,,232.09,258.647556,24.266985,2.290571,True,1
2/1/2026 11:00:00 PM,2/1/2026 6:00:00 PM,1,PJM-RTO,,,ZONE,,229.54,257.957069,26.099167,2.317902,True,1
2/2/2026 12:00:00 AM,2/1/2026 7:00:00 PM,1,PJM-RTO,,,ZONE,,222.27,246.013461,21.606646,2.136815,True,1
2/2/2026 1:00:00 AM,2/1/2026 8:00:00 PM,1,PJM-RTO,,,ZONE,,258.07,300.229269,39.733951,2.425318,True,1
2/2/2026 2:00:00 AM,2/1/2026 9:00:00 PM,1,PJM-RTO,,,ZONE,,191.36,217.314432,23.850958,2.103474,True,1
2/2/2026 3:00:00 AM,2/1/2026 10:00:00 PM,1,PJM-RTO,,,ZONE,,174.39,192.978348,16.676465,1.911883,True,1
2/2/2026 4:00:00 AM,2/1/2026 11:00:00 PM,1,PJM-RTO,,,ZONE,,164.86,182.323830,15.538187,1.925643,True,1
2/2/2026 5:00:00 AM,2/2/2026 12:00:00 AM,1,PJM-RTO,,,ZONE,,276.80,307.976018,29.845950,1.330068,True,1
2/2/2026 6:00:00 AM,2/2/2026 1:00:00 AM,1,PJM-RTO,,,ZONE,,260.37,299.121504,37.257907,1.493597,True,1
2/2/2026 7:00:00 AM,2/2/2026 2:00:00 AM,1,PJM-RTO,,,ZONE,,276.82,326.921530,48.204119,1.897411,True,1
2/2/2026 8:00:00 AM,2/2/2026 3:00:00 AM,1,PJM-RTO,,,ZONE,,275.35,318.103688,40.710551,2.043137,True,1
2/2/2026 9:00:00 AM,2/2/2026 4:00:00 AM,1,PJM-RTO,,,ZONE,,287.20,332.485038,43.073687,2.211351,True,1
2/2/2026 10:00:00 AM,2/2/2026 5:00:00 AM,1,PJM-RTO,,,ZONE,,347.26,415.953817,65.428316,3.265501,True,1
2/2/2026 11:00:00 AM,2/2/2026 6:00:00 AM,1,PJM-RTO,,,ZONE,,457.76,549.595453,88.724320,3.111133,True,1
2/2/2026 12:00:00 PM,2/2/2026 7:00:00 AM,1,PJM-RTO,,,ZONE,,567.40,670.462898,99.893838,3.169060,True,1
2/2/2026 1:00:00 PM,2/2/2026 8:00:00 AM,1,PJM-RTO,,,ZONE,,381.79,430.066336,46.446596,1.829740,True,1
2/2/2026 2:00:00 PM,2/2/2026 9:00:00 AM,1,PJM-RTO,,,ZONE,,188.68,191.408314,2.111626,0.616688,True,1
2/2/2026 3:00:00 PM,2/2/2026 10:00:00 AM,1,PJM-RTO,,,ZONE,,161.05,161.910446,0.108940,0.751506,True,1
2/2/2026 4:00:00 PM,2/2/2026 11:00:00 AM,1,PJM-RTO,,,ZONE,,135.32,136.925884,1.035930,0.569954,True,1
2/2/2026 5:00:00 PM,2/2/2026 12:00:00 PM,1,PJM-RTO,,,ZONE,,106.74,108.016647,0.955536,0.321111,True,1
2/2/2026 6:00:00 PM,2/2/2026 1:00:00 PM,1,PJM-RTO,,,ZONE,,94.36,95.646113,0.989846,0.296267,True,1
2/2/2026 7:00:00 PM,2/2/2026 2:00:00 PM,1,PJM-RTO,,,ZONE,,87.11,87.588031,0.250661,0.227370,True,1
2/2/2026 8:00:00 PM,2/2/2026 3:00:00 PM,1,PJM-RTO,,,ZONE,,99.43,99.968876,0.285281,0.253595,True,1
2/2/2026 9:00:00 PM,2/2/2026 4:00:00 PM,1,PJM-RTO,,,ZONE,,157.15,158.874377,1.342139,0.382238,True,1
2/2/2026 10:00:00 PM,2/2/2026 5:00:00 PM,1,PJM-RTO,,,ZONE,,250.39,260.710238,9.433734,0.886504,True,1
2/2/2026 11:00:00 PM,2/2/2026 6:00:00 PM,1,PJM-RTO,,,ZONE,,248.63,272.895748,22.974814,1.290934,True,1
2/3/2026 12:00:00 AM,2/2/2026 7:00:00 PM,1,PJM-RTO,,,ZONE,,236.89,264.280252,26.176748,1.213504,True,1
2/3/2026 1:00:00 AM,2/2/2026 8:00:00 PM,1,PJM-RTO,,,ZONE,,232.95,259.344549,25.276979,1.117570,True,1
2/3/2026 2:00:00 AM,2/2/2026 9:00:00 PM,1,PJM-RTO,,,ZONE,,226.53,244.693868,16.987500,1.176368,True,1
2/3/2026 3:00:00 AM,2/2/2026 10:00:00 PM,1,PJM-RTO,,,ZONE,,191.70,204.501772,11.783356,1.018417,True,1
2/3/2026 4:00:00 AM,2/2/2026 11:00:00 PM,1,PJM-RTO,,,ZONE,,177.34,192.220827,13.854428,1.026399,True,1
2/3/2026 5:00:00 AM,2/3/2026 12:00:00 AM,1,PJM-RTO,,,ZONE,,163.60,175.879633,9.712818,2.566815,True,1
2/3/2026 6:00:00 AM,2/3/2026 1:00:00 AM,1,PJM-RTO,,,ZONE,,152.06,164.236300,9.845743,2.330557,True,1
2/3/2026 7:00:00 AM,2/3/2026 2:00:00 AM,1,PJM-RTO,,,ZONE,,142.03,155.615741,11.306736,2.279005,True,1
2/3/2026 8:00:00 AM,2/3/2026 3:00:00 AM,1,PJM-RTO,,,ZONE,,143.25,160.488752,14.841430,2.397322,True,1
2/3/2026 9:00:00 AM,2/3/2026 4:00:00 AM,1,PJM-RTO,,,ZONE,,148.39,169.815044,18.940123,2.484921,True,1
2/3/2026 10:00:00 AM,2/3/2026 5:00:00 AM,1,PJM-RTO,,,ZONE,,148.03,173.201875,22.536308,2.635567,True,1
2/3/2026 11:00:00 AM,2/3/2026 6:00:00 AM,1,PJM-RTO,,,ZONE,,223.01,263.210295,36.650129,3.550166,True,1
2/3/2026 12:00:00 PM,2/3/2026 7:00:00 AM,1,PJM-RTO,,,ZONE,,270.75,308.082121,33.986502,3.345619,True,1
2/3/2026 1:00:00 PM,2/3/2026 8:00:00 AM,1,PJM-RTO,,,ZONE,,188.14,195.401491,5.367980,1.893511,True,1
2/3/2026 2:00:00 PM,2/3/2026 9:00:00 AM,1,PJM-RTO,,,ZONE,,145.46,142.398298,-4.049106,0.987404,True,1
2/3/2026 3:00:00 PM,2/3/2026 10:00:00 AM,1,PJM-RTO,,,ZONE,,91.14,89.209393,-2.792416,0.861809,True,1
2/3/2026 4:00:00 PM,2/3/2026 11:00:00 AM,1,PJM-RTO,,,ZONE,,82.04,65.362055,-17.283274,0.605329,True,1
2/3/2026 5:00:00 PM,2/3/2026 12:00:00 PM,1,PJM-RTO,,,ZONE,,85.62,52.470177,-33.671155,0.521333,True,1
2/3/2026 6:00:00 PM,2/3/2026 1:00:00 PM,1,PJM-RTO,,,ZONE,,85.26,54.290988,-31.448721,0.479709,True,1
2/3/2026 7:00:00 PM,2/3/2026 2:00:00 PM,1,PJM-RTO,,,ZONE,,80.50,65.837956,-15.180821,0.518778,True,1
2/3/2026 8:00:00 PM,2/3/2026 3:00:00 PM,1,PJM-RTO,,,ZONE,,85.51,74.929341,-11.183149,0.602491,True,1
2/3/2026 9:00:00 PM,2/3/2026 4:00:00 PM,1,PJM-RTO,,,ZONE,,87.06,79.066796,-8.723486,0.730281,True,1
2/3/2026 10:00:00 PM,2/3/2026 5:00:00 PM,1,PJM-RTO,,,ZONE,,109.84,109.292819,-1.483529,0.936348,True,1
2/3/2026 11:00:00 PM,2/3/2026 6:00:00 PM,1,PJM-RTO,,,ZONE,,112.87,113.927465,-0.003341,1.060806,True,1
2/4/2026 12:00:00 AM,2/3/2026 7:00:00 PM,1,PJM-RTO,,,ZONE,,99.58,101.102971,0.491787,1.031184,True,1
2/4/2026 1:00:00 AM,2/3/2026 8:00:00 PM,1,PJM-RTO,,,ZONE,,104.24,105.671171,0.415159,1.016012,True,1
2/4/2026 2:00:00 AM,2/3/2026 9:00:00 PM,1,PJM-RTO,,,ZONE,,96.30,91.684578,-5.525550,0.910128,True,1
2/4/2026 3:00:00 AM,2/3/2026 10:00:00 PM,1,PJM-RTO,,,ZONE,,83.33,81.911342,-2.353335,0.934677,True,1
2/4/2026 4:00:00 AM,2/3/2026 11:00:00 PM,1,PJM-RTO,,,ZONE,,70.71,70.138645,-1.591618,1.020263,True,1
2/4/2026 5:00:00 AM,2/4/2026 12:00:00 AM,1,PJM-RTO,,,ZONE,,60.14,61.147286,0.103549,0.903738,True,1
2/4/2026 6:00:00 AM,2/4/2026 1:00:00 AM,1,PJM-RTO,,,ZONE,,54.68,55.514008,0.105080,0.728928,True,1
2/4/2026 7:00:00 AM,2/4/2026 2:00:00 AM,1,PJM-RTO,,,ZONE,,52.45,53.396861,0.140879,0.805982,True,1
2/4/2026 8:00:00 AM,2/4/2026 3:00:00 AM,1,PJM-RTO,,,ZONE,,51.91,52.885320,0.171155,0.804165,True,1
2/4/2026 9:00:00 AM,2/4/2026 4:00:00 AM,1,PJM-RTO,,,ZONE,,56.12,57.194132,0.267586,0.806546,True,1
2/4/2026 10:00:00 AM,2/4/2026 5:00:00 AM,1,PJM-RTO,,,ZONE,,61.89,63.982026,0.963184,1.128842,True,1
2/4/2026 11:00:00 AM,2/4/2026 6:00:00 AM,1,PJM-RTO,,,ZONE,,88.26,81.581455,-8.241465,1.562919,True,1
2/4/2026 12:00:00 PM,2/4/2026 7:00:00 AM,1,PJM-RTO,,,ZONE,,125.01,122.723261,-3.803570,1.516831,True,1
2/4/2026 1:00:00 PM,2/4/2026 8:00:00 AM,1,PJM-RTO,,,ZONE,,90.23,87.929239,-3.605832,1.305071,True,1
2/4/2026 2:00:00 PM,2/4/2026 9:00:00 AM,1,PJM-RTO,,,ZONE,,68.01,67.683188,-1.324836,0.998024,True,1
2/4/2026 3:00:00 PM,2/4/2026 10:00:00 AM,1,PJM-RTO,,,ZONE,,66.63,54.773410,-12.678848,0.822258,True,1
2/4/2026 4:00:00 PM,2/4/2026 11:00:00 AM,1,PJM-RTO,,,ZONE,,58.72,54.166078,-5.307627,0.753705,True,1
2/4/2026 5:00:00 PM,2/4/2026 12:00:00 PM,1,PJM-RTO,,,ZONE,,55.12,53.892420,-1.974511,0.746931,True,1
2/4/2026 6:00:00 PM,2/4/2026 1:00:00 PM,1,PJM-RTO,,,ZONE,,56.38,54.098599,-3.035231,0.753830,True,1
2/4/2026 7:00:00 PM,2/4/2026 2:00:00 PM,1,PJM-RTO,,,ZONE,,61.25,58.004336,-4.095776,0.850111,True,1
2/4/2026 8:00:00 PM,2/4/2026 3:00:00 PM,1,PJM-RTO,,,ZONE,,67.54,64.234085,-4.196391,0.890476,True,1
2/4/2026 9:00:00 PM,2/4/2026 4:00:00 PM,1,PJM-RTO,,,ZONE,,88.46,84.133484,-5.489163,1.162647,True,1
2/4/2026 10:00:00 PM,2/4/2026 5:00:00 PM,1,PJM-RTO,,,ZONE,,131.91,128.697094,-4.006597,0.793691,True,1
2/4/2026 11:00:00 PM,2/4/2026 6:00:00 PM,1,PJM-RTO,,,ZONE,,157.27,160.333525,2.125630,0.937896,True,1
2/5/2026 12:00:00 AM,2/4/2026 7:00:00 PM,1,PJM-RTO,,,ZONE,,133.37,135.960713,1.887077,0.703637,True,1
2/5/2026 1:00:00 AM,2/4/2026 8:00:00 PM,1,PJM-RTO,,,ZONE,,116.58,118.672520,1.140913,0.951608,True,1
2/5/2026 2:00:00 AM,2/4/2026 9:00:00 PM,1,PJM-RTO,,,ZONE,,114.43,113.572561,-1.665380,0.807941,True,1
2/5/2026 3:00:00 AM,2/4/2026 10:00:00 PM,1,PJM-RTO,,,ZONE,,97.46,97.546637,-0.605872,0.692508,True,1
2/5/2026 4:00:00 AM,2/4/2026 11:00:00 PM,1,PJM-RTO,,,ZONE,,94.50,94.567466,-0.810680,0.878146,True,1
2/5/2026 5:00:00 AM,2/5/2026 12:00:00 AM,1,PJM-RTO,,,ZONE,,126.85,128.326429,0.821745,0.654684,True,1
2/5/2026 6:00:00 AM,2/5/2026 1:00:00 AM,1,PJM-RTO,,,ZONE,,114.96,119.558813,3.218906,1.379906,True,1
2/5/2026 7:00:00 AM,2/5/2026 2:00:00 AM,1,PJM-RTO,,,ZONE,,109.52,116.390161,5.386271,1.483890,True,1
2/5/2026 8:00:00 AM,2/5/2026 3:00:00 AM,1,PJM-RTO,,,ZONE,,116.82,126.415119,7.905993,1.689126,True,1
2/5/2026 9:00:00 AM,2/5/2026 4:00:00 AM,1,PJM-RTO,,,ZONE,,109.30,120.178179,9.354866,1.523314,True,1
2/5/2026 10:00:00 AM,2/5/2026 5:00:00 AM,1,PJM-RTO,,,ZONE,,122.95,137.536100,13.023992,1.562108,True,1
2/5/2026 11:00:00 AM,2/5/2026 6:00:00 AM,1,PJM-RTO,,,ZONE,,175.12,195.961454,18.128893,2.712561,True,1
2/5/2026 12:00:00 PM,2/5/2026 7:00:00 AM,1,PJM-RTO,,,ZONE,,240.64,268.804926,25.025582,3.139343,True,1
2/5/2026 1:00:00 PM,2/5/2026 8:00:00 AM,1,PJM-RTO,,,ZONE,,167.17,180.302513,10.767002,2.365511,True,1
2/5/2026 2:00:00 PM,2/5/2026 9:00:00 AM,1,PJM-RTO,,,ZONE,,112.97,119.718309,5.144386,1.603923,True,1
2/5/2026 3:00:00 PM,2/5/2026 10:00:00 AM,1,PJM-RTO,,,ZONE,,152.15,159.453030,5.507817,1.795213,True,1
2/5/2026 4:00:00 PM,2/5/2026 11:00:00 AM,1,PJM-RTO,,,ZONE,,131.17,136.046176,3.258227,1.617949,True,1
2/5/2026 5:00:00 PM,2/5/2026 12:00:00 PM,1,PJM-RTO,,,ZONE,,118.02,123.110535,3.627659,1.462876,True,1
2/5/2026 6:00:00 PM,2/5/2026 1:00:00 PM,1,PJM-RTO,,,ZONE,,107.26,111.380796,2.739007,1.381789,True,1
2/5/2026 7:00:00 PM,2/5/2026 2:00:00 PM,1,PJM-RTO,,,ZONE,,99.51,103.110598,2.310847,1.289751,True,1
2/5/2026 8:00:00 PM,2/5/2026 3:00:00 PM,1,PJM-RTO,,,ZONE,,112.28,118.000704,4.215388,1.505316,True,1
2/5/2026 9:00:00 PM,2/5/2026 4:00:00 PM,1,PJM-RTO,,,ZONE,,139.89,149.049481,6.998146,2.161335,True,1
2/5/2026 10:00:00 PM,2/5/2026 5:00:00 PM,1,PJM-RTO,,,ZONE,,183.16,196.995337,11.028178,2.807159,True,1
2/5/2026 11:00:00 PM,2/5/2026 6:00:00 PM,1,PJM-RTO,,,ZONE,,179.71,197.547382,15.181744,2.655638,True,1
2/6/2026 12:00:00 AM,2/5/2026 7:00:00 PM,1,PJM-RTO,,,ZONE,,173.19,190.756095,14.907113,2.658982,True,1
2/6/2026 1:00:00 AM,2/5/2026 8:00:00 PM,1,PJM-RTO,,,ZONE,,173.97,191.286634,14.652777,2.663857,True,1
2/6/2026 2:00:00 AM,2/5/2026 9:00:00 PM,1,PJM-RTO,,,ZONE,,173.34,189.602934,13.644826,2.618108,True,1
2/6/2026 3:00:00 AM,2/5/2026 10:00:00 PM,1,PJM-RTO,,,ZONE,,176.85,194.549988,14.980821,2.719167,True,1
2/6/2026 4:00:00 AM,2/5/2026 11:00:00 PM,1,PJM-RTO,,,ZONE,,169.61,180.488678,8.547345,2.331333,True,1
2/6/2026 5:00:00 AM,2/6/2026 12:00:00 AM,1,PJM-RTO,,,ZONE,,141.65,149.211593,6.025179,1.536414,True,1
2/6/2026 6:00:00 AM,2/6/2026 1:00:00 AM,1,PJM-RTO,,,ZONE,,129.60,137.173785,6.318527,1.255258,True,1
2/6/2026 7:00:00 AM,2/6/2026 2:00:00 AM,1,PJM-RTO,,,ZONE,,133.34,144.301232,9.492076,1.469156,True,1
2/6/2026 8:00:00 AM,2/6/2026 3:00:00 AM,1,PJM-RTO,,,ZONE,,132.94,143.318750,8.676066,1.702685,True,1
2/6/2026 9:00:00 AM,2/6/2026 4:00:00 AM,1,PJM-RTO,,,ZONE,,135.59,146.934796,9.514234,1.830562,True,1
2/6/2026 10:00:00 AM,2/6/2026 5:00:00 AM,1,PJM-RTO,,,ZONE,,142.52,159.045025,14.223291,2.301735,True,1
2/6/2026 11:00:00 AM,2/6/2026 6:00:00 AM,1,PJM-RTO,,,ZONE,,178.79,200.145630,18.242452,3.113178,True,1
2/6/2026 12:00:00 PM,2/6/2026 7:00:00 AM,1,PJM-RTO,,,ZONE,,227.68,261.511546,30.121367,3.710179,True,1
2/6/2026 1:00:00 PM,2/6/2026 8:00:00 AM,1,PJM-RTO,,,ZONE,,147.73,156.080661,6.618256,1.732405,True,1
2/6/2026 2:00:00 PM,2/6/2026 9:00:00 AM,1,PJM-RTO,,,ZONE,,122.40,128.507446,4.495415,1.612030,True,1
2/6/2026 3:00:00 PM,2/6/2026 10:00:00 AM,1,PJM-RTO,,,ZONE,,77.25,80.898899,2.419563,1.229336,True,1
2/6/2026 4:00:00 PM,2/6/2026 11:00:00 AM,1,PJM-RTO,,,ZONE,,74.19,77.388368,2.066486,1.131882,True,1
2/6/2026 5:00:00 PM,2/6/2026 12:00:00 PM,1,PJM-RTO,,,ZONE,,66.76,71.190130,3.450215,0.979915,True,1
2/6/2026 6:00:00 PM,2/6/2026 1:00:00 PM,1,PJM-RTO,,,ZONE,,67.31,71.483441,3.185845,0.987595,True,1
2/6/2026 7:00:00 PM,2/6/2026 2:00:00 PM,1,PJM-RTO,,,ZONE,,57.79,62.823624,4.196545,0.837080,True,1
2/6/2026 8:00:00 PM,2/6/2026 3:00:00 PM,1,PJM-RTO,,,ZONE,,61.31,66.241558,4.139605,0.791953,True,1
2/6/2026 9:00:00 PM,2/6/2026 4:00:00 PM,1,PJM-RTO,,,ZONE,,66.90,72.720310,4.839727,0.980583,True,1
2/6/2026 10:00:00 PM,2/6/2026 5:00:00 PM,1,PJM-RTO,,,ZONE,,80.09,86.822888,5.548583,1.184306,True,1
2/6/2026 11:00:00 PM,2/6/2026 6:00:00 PM,1,PJM-RTO,,,ZONE,,78.38,84.762676,5.160922,1.221754,True,1
2/7/2026 12:00:00 AM,2/6/2026 7:00:00 PM,1,PJM-RTO,,,ZONE,,69.31,74.746033,4.392708,1.043325,True,1
2/7/2026 1:00:00 AM,2/6/2026 8:00:00 PM,1,PJM-RTO,,,ZONE,,71.51,75.820462,3.167966,1.142496,True,1
2/7/2026 2:00:00 AM,2/6/2026 9:00:00 PM,1,PJM-RTO,,,ZONE,,67.13,71.898794,3.623687,1.145107,True,1
2/7/2026 3:00:00 AM,2/6/2026 10:00:00 PM,1,PJM-RTO,,,ZONE,,61.18,64.325915,2.113100,1.032815,True,1
2/7/2026 4:00:00 AM,2/6/2026 11:00:00 PM,1,PJM-RTO,,,ZONE,,54.39,57.355468,2.014873,0.950595,True,1
2/7/2026 5:00:00 AM,2/7/2026 12:00:00 AM,1,PJM-RTO,,,ZONE,,73.18,77.304171,2.710590,1.413581,True,1
2/7/2026 6:00:00 AM,2/7/2026 1:00:00 AM,1,PJM-RTO,,,ZONE,,64.75,68.821870,2.701610,1.370260,True,1
2/7/2026 7:00:00 AM,2/7/2026 2:00:00 AM,1,PJM-RTO,,,ZONE,,67.77,71.727056,2.598099,1.358957,True,1
2/7/2026 8:00:00 AM,2/7/2026 3:00:00 AM,1,PJM-RTO,,,ZONE,,76.37,80.917905,2.926121,1.621784,True,1
2/7/2026 9:00:00 AM,2/7/2026 4:00:00 AM,1,PJM-RTO,,,ZONE,,80.08,84.875836,3.063636,1.732201,True,1
2/7/2026 10:00:00 AM,2/7/2026 5:00:00 AM,1,PJM-RTO,,,ZONE,,74.45,79.452138,3.566734,1.435403,True,1
2/7/2026 11:00:00 AM,2/7/2026 6:00:00 AM,1,PJM-RTO,,,ZONE,,107.11,117.257054,8.079538,2.067516,True,1
2/7/2026 12:00:00 PM,2/7/2026 7:00:00 AM,1,PJM-RTO,,,ZONE,,120.06,134.559794,12.427554,2.072239,True,1
2/7/2026 1:00:00 PM,2/7/2026 8:00:00 AM,1,PJM-RTO,,,ZONE,,112.94,120.286752,5.053765,2.292987,True,1
2/7/2026 2:00:00 PM,2/7/2026 9:00:00 AM,1,PJM-RTO,,,ZONE,,88.59,94.297863,4.101930,1.605933,True,1
2/7/2026 3:00:00 PM,2/7/2026 10:00:00 AM,1,PJM-RTO,,,ZONE,,136.55,149.370241,10.535390,2.284851,True,1
2/7/2026 4:00:00 PM,2/7/2026 11:00:00 AM,1,PJM-RTO,,,ZONE,,111.56,123.536074,10.269412,1.706663,True,1
2/7/2026 5:00:00 PM,2/7/2026 12:00:00 PM,1,PJM-RTO,,,ZONE,,106.09,117.201531,9.696332,1.415199,True,1
2/7/2026 6:00:00 PM,2/7/2026 1:00:00 PM,1,PJM-RTO,,,ZONE,,99.83,109.965555,8.768163,1.367392,True,1
2/7/2026 7:00:00 PM,2/7/2026 2:00:00 PM,1,PJM-RTO,,,ZONE,,93.80,104.153781,8.963757,1.390025,True,1
2/7/2026 8:00:00 PM,2/7/2026 3:00:00 PM,1,PJM-RTO,,,ZONE,,99.74,112.586525,11.512543,1.333982,True,1
2/7/2026 9:00:00 PM,2/7/2026 4:00:00 PM,1,PJM-RTO,,,ZONE,,159.37,178.185443,16.437392,2.378051,True,1
2/7/2026 10:00:00 PM,2/7/2026 5:00:00 PM,1,PJM-RTO,,,ZONE,,267.04,293.994208,21.920105,5.034103,True,1
2/7/2026 11:00:00 PM,2/7/2026 6:00:00 PM,1,PJM-RTO,,,ZONE,,275.17,295.494711,15.444185,4.880526,True,1
2/8/2026 12:00:00 AM,2/7/2026 7:00:00 PM,1,PJM-RTO,,,ZONE,,262.22,283.866295,17.028984,4.617311,True,1
2/8/2026 1:00:00 AM,2/7/2026 8:00:00 PM,1,PJM-RTO,,,ZONE,,247.73,268.893394,17.361691,3.801704,True,1
2/8/2026 2:00:00 AM,2/7/2026 9:00:00 PM,1,PJM-RTO,,,ZONE,,260.37,281.249416,16.818048,4.061368,True,1
2/8/2026 3:00:00 AM,2/7/2026 10:00:00 PM,1,PJM-RTO,,,ZONE,,255.94,280.662839,20.548725,4.174115,True,1
2/8/2026 4:00:00 AM,2/7/2026 11:00:00 PM,1,PJM-RTO,,,ZONE,,258.00,287.035718,24.710860,4.324858,True,1
2/8/2026 5:00:00 AM,2/8/2026 12:00:00 AM,1,PJM-RTO,,,ZONE,,240.85,263.957624,19.811887,3.295738,True,1
2/8/2026 6:00:00 AM,2/8/2026 1:00:00 AM,1,PJM-RTO,,,ZONE,,220.26,247.158836,23.505721,3.393115,True,1
2/8/2026 7:00:00 AM,2/8/2026 2:00:00 AM,1,PJM-RTO,,,ZONE,,231.70,255.527157,20.385175,3.441982,True,1
2/8/2026 8:00:00 AM,2/8/2026 3:00:00 AM,1,PJM-RTO,,,ZONE,,233.07,257.366687,20.962166,3.334521,True,1
2/8/2026 9:00:00 AM,2/8/2026 4:00:00 AM,1,PJM-RTO,,,ZONE,,227.21,248.305899,17.584706,3.511193,True,1
2/8/2026 10:00:00 AM,2/8/2026 5:00:00 AM,1,PJM-RTO,,,ZONE,,230.47,255.814618,22.028116,3.316502,True,1
2/8/2026 11:00:00 AM,2/8/2026 6:00:00 AM,1,PJM-RTO,,,ZONE,,234.96,261.672196,23.662222,3.049974,True,1
2/8/2026 12:00:00 PM,2/8/2026 7:00:00 AM,1,PJM-RTO,,,ZONE,,258.71,292.734547,30.357294,3.667253,True,1
2/8/2026 1:00:00 PM,2/8/2026 8:00:00 AM,1,PJM-RTO,,,ZONE,,190.26,212.548226,19.348431,2.939796,True,1
2/8/2026 2:00:00 PM,2/8/2026 9:00:00 AM,1,PJM-RTO,,,ZONE,,145.48,155.839184,8.062841,2.296343,True,1
2/8/2026 3:00:00 PM,2/8/2026 10:00:00 AM,1,PJM-RTO,,,ZONE,,148.46,158.642062,7.395109,2.786954,True,1
2/8/2026 4:00:00 PM,2/8/2026 11:00:00 AM,1,PJM-RTO,,,ZONE,,127.86,136.553930,6.386392,2.307538,True,1
2/8/2026 5:00:00 PM,2/8/2026 12:00:00 PM,1,PJM-RTO,,,ZONE,,117.46,128.982443,9.135950,2.386492,True,1
2/8/2026 6:00:00 PM,2/8/2026 1:00:00 PM,1,PJM-RTO,,,ZONE,,102.99,114.137037,9.193772,1.953265,True,1
2/8/2026 7:00:00 PM,2/8/2026 2:00:00 PM,1,PJM-RTO,,,ZONE,,91.49,102.525351,9.354078,1.681273,True,1
2/8/2026 8:00:00 PM,2/8/2026 3:00:00 PM,1,PJM-RTO,,,ZONE,,96.01,106.754251,8.860420,1.883831,True,1
2/8/2026 9:00:00 PM,2/8/2026 4:00:00 PM,1,PJM-RTO,,,ZONE,,142.92,150.923593,5.391896,2.611696,True,1
2/8/2026 10:00:00 PM,2/8/2026 5:00:00 PM,1,PJM-RTO,,,ZONE,,207.49,230.248518,19.356409,3.402108,True,1
2/8/2026 11:00:00 PM,2/8/2026 6:00:00 PM,1,PJM-RTO,,,ZONE,,216.54,228.008346,8.363510,3.104835,True,1
2/9/2026 12:00:00 AM,2/8/2026 7:00:00 PM,1,PJM-RTO,,,ZONE,,206.70,222.221221,12.560028,2.961193,True,1
2/9/2026 1:00:00 AM,2/8/2026 8:00:00 PM,1,PJM-RTO,,,ZONE,,189.99,214.691668,21.364527,3.337140,True,1
2/9/2026 2:00:00 AM,2/8/2026 9:00:00 PM,1,PJM-RTO,,,ZONE,,229.66,246.472080,13.631350,3.180729,True,1
2/9/2026 3:00:00 AM,2/8/2026 10:00:00 PM,1,PJM-RTO,,,ZONE,,201.81,220.753988,15.927875,3.016113,True,1
2/9/2026 4:00:00 AM,2/8/2026 11:00:00 PM,1,PJM-RTO,,,ZONE,,191.50,208.242493,13.814282,2.928212,True,1
2/9/2026 5:00:00 AM,2/9/2026 12:00:00 AM,1,PJM-RTO,,,ZONE,,201.85,213.582871,9.274656,2.458216,True,1
2/9/2026 6:00:00 AM,2/9/2026 1:00:00 AM,1,PJM-RTO,,,ZONE,,196.90,212.107695,12.519457,2.688238,True,1
2/9/2026 7:00:00 AM,2/9/2026 2:00:00 AM,1,PJM-RTO,,,ZONE,,208.22,224.624616,13.529144,2.875471,True,1
2/9/2026 8:00:00 AM,2/9/2026 3:00:00 AM,1,PJM-RTO,,,ZONE,,200.34,215.044383,12.339855,2.364528,True,1
2/9/2026 9:00:00 AM,2/9/2026 4:00:00 AM,1,PJM-RTO,,,ZONE,,201.28,215.934836,12.037359,2.617477,True,1
2/9/2026 10:00:00 AM,2/9/2026 5:00:00 AM,1,PJM-RTO,,,ZONE,,220.41,232.541001,9.224260,2.906742,True,1
2/9/2026 11:00:00 AM,2/9/2026 6:00:00 AM,1,PJM-RTO,,,ZONE,,382.20,422.820944,33.868004,6.752940,True,1
2/9/2026 12:00:00 PM,2/9/2026 7:00:00 AM,1,PJM-RTO,,,ZONE,,468.20,524.307709,48.033115,8.074593,True,1
2/9/2026 1:00:00 PM,2/9/2026 8:00:00 AM,1,PJM-RTO,,,ZONE,,213.82,217.298834,0.637121,2.841712,True,1
2/9/2026 2:00:00 PM,2/9/2026 9:00:00 AM,1,PJM-RTO,,,ZONE,,134.52,134.297362,-1.890159,1.667521,True,1
2/9/2026 3:00:00 PM,2/9/2026 10:00:00 AM,1,PJM-RTO,,,ZONE,,119.69,126.501557,5.094373,1.717184,True,1
2/9/2026 4:00:00 PM,2/9/2026 11:00:00 AM,1,PJM-RTO,,,ZONE,,105.10,112.207453,5.564343,1.543110,True,1
2/9/2026 5:00:00 PM,2/9/2026 12:00:00 PM,1,PJM-RTO,,,ZONE,,89.96,96.447556,5.178893,1.308664,True,1
2/9/2026 6:00:00 PM,2/9/2026 1:00:00 PM,1,PJM-RTO,,,ZONE,,80.18,87.073760,5.688476,1.205284,True,1
2/9/2026 7:00:00 PM,2/9/2026 2:00:00 PM,1,PJM-RTO,,,ZONE,,69.67,76.547864,5.921845,0.956019,True,1
2/9/2026 8:00:00 PM,2/9/2026 3:00:00 PM,1,PJM-RTO,,,ZONE,,82.05,88.761111,5.678563,1.032548,True,1
2/9/2026 9:00:00 PM,2/9/2026 4:00:00 PM,1,PJM-RTO,,,ZONE,,100.24,107.677169,5.976647,1.460522,True,1
2/9/2026 10:00:00 PM,2/9/2026 5:00:00 PM,1,PJM-RTO,,,ZONE,,154.17,148.405632,-7.257116,1.492748,True,1
2/9/2026 11:00:00 PM,2/9/2026 6:00:00 PM,1,PJM-RTO,,,ZONE,,168.97,175.136786,3.870164,2.296622,True,1
2/10/2026 12:00:00 AM,2/9/2026 7:00:00 PM,1,PJM-RTO,,,ZONE,,148.77,159.607890,8.957487,1.880404,True,1
2/10/2026 1:00:00 AM,2/9/2026 8:00:00 PM,1,PJM-RTO,,,ZONE,,146.30,155.154615,6.981985,1.872630,True,1
2/10/2026 2:00:00 AM,2/9/2026 9:00:00 PM,1,PJM-RTO,,,ZONE,,141.67,144.734090,1.071047,1.993043,True,1
2/10/2026 3:00:00 AM,2/9/2026 10:00:00 PM,1,PJM-RTO,,,ZONE,,119.60,123.004685,1.722141,1.682544,True,1
2/10/2026 4:00:00 AM,2/9/2026 11:00:00 PM,1,PJM-RTO,,,ZONE,,100.60,107.274356,5.085038,1.589318,True,1
2/10/2026 5:00:00 AM,2/10/2026 12:00:00 AM,1,PJM-RTO,,,ZONE,,102.41,112.784151,8.873906,1.500245,True,1
2/10/2026 6:00:00 AM,2/10/2026 1:00:00 AM,1,PJM-RTO,,,ZONE,,96.71,106.942351,8.850705,1.381646,True,1
2/10/2026 7:00:00 AM,2/10/2026 2:00:00 AM,1,PJM-RTO,,,ZONE,,95.60,106.641150,9.847777,1.193374,True,1
2/10/2026 8:00:00 AM,2/10/2026 3:00:00 AM,1,PJM-RTO,,,ZONE,,92.07,103.186791,9.910723,1.206068,True,1
2/10/2026 9:00:00 AM,2/10/2026 4:00:00 AM,1,PJM-RTO,,,ZONE,,90.58,99.457219,8.046756,0.830462,True,1
2/10/2026 10:00:00 AM,2/10/2026 5:00:00 AM,1,PJM-RTO,,,ZONE,,100.42,114.038367,12.102904,1.515463,True,1
2/10/2026 11:00:00 AM,2/10/2026 6:00:00 AM,1,PJM-RTO,,,ZONE,,141.81,160.842261,16.946598,2.085663,True,1
2/10/2026 12:00:00 PM,2/10/2026 7:00:00 AM,1,PJM-RTO,,,ZONE,,153.71,167.241680,11.216764,2.314915,True,1
2/10/2026 1:00:00 PM,2/10/2026 8:00:00 AM,1,PJM-RTO,,,ZONE,,93.83,101.043904,5.706975,1.506929,True,1
2/10/2026 2:00:00 PM,2/10/2026 9:00:00 AM,1,PJM-RTO,,,ZONE,,74.13,82.303738,6.775196,1.398542,True,1
2/10/2026 3:00:00 PM,2/10/2026 10:00:00 AM,1,PJM-RTO,,,ZONE,,53.58,54.395976,-0.282331,1.098307,True,1
2/10/2026 4:00:00 PM,2/10/2026 11:00:00 AM,1,PJM-RTO,,,ZONE,,48.62,50.072739,0.607823,0.844916,True,1
2/10/2026 5:00:00 PM,2/10/2026 12:00:00 PM,1,PJM-RTO,,,ZONE,,46.37,47.277148,0.090539,0.816608,True,1
2/10/2026 6:00:00 PM,2/10/2026 1:00:00 PM,1,PJM-RTO,,,ZONE,,43.87,45.694701,0.994717,0.829984,True,1
2/10/2026 7:00:00 PM,2/10/2026 2:00:00 PM,1,PJM-RTO,,,ZONE,,40.38,41.877889,0.692788,0.805101,True,1
2/10/2026 8:00:00 PM,2/10/2026 3:00:00 PM,1,PJM-RTO,,,ZONE,,42.00,41.613779,-1.290563,0.904343,True,1
2/10/2026 9:00:00 PM,2/10/2026 4:00:00 PM,1,PJM-RTO,,,ZONE,,43.95,44.167243,-0.781246,0.998489,True,1
2/10/2026 10:00:00 PM,2/10/2026 5:00:00 PM,1,PJM-RTO,,,ZONE,,55.97,58.896576,1.969890,0.956685,True,1
2/10/2026 11:00:00 PM,2/10/2026 6:00:00 PM,1,PJM-RTO,,,ZONE,,57.11,59.289234,0.984614,1.194621,True,1
2/11/2026 12:00:00 AM,2/10/2026 7:00:00 PM,1,PJM-RTO,,,ZONE,,49.34,51.434747,1.107929,0.986818,True,1
2/11/2026 1:00:00 AM,2/10/2026 8:00:00 PM,1,PJM-RTO,,,ZONE,,46.23,48.051089,0.897132,0.923957,True,1
2/11/2026 2:00:00 AM,2/10/2026 9:00:00 PM,1,PJM-RTO,,,ZONE,,43.36,44.771967,0.493380,0.918587,True,1
2/11/2026 3:00:00 AM,2/10/2026 10:00:00 PM,1,PJM-RTO,,,ZONE,,39.91,41.451295,0.829043,0.712251,True,1
2/11/2026 4:00:00 AM,2/10/2026 11:00:00 PM,1,PJM-RTO,,,ZONE,,38.18,39.107694,0.332267,0.595427,True,1
2/11/2026 5:00:00 AM,2/11/2026 12:00:00 AM,1,PJM-RTO,,,ZONE,,34.20,32.382843,-2.096157,0.279001,True,1
2/11/2026 6:00:00 AM,2/11/2026 1:00:00 AM,1,PJM-RTO,,,ZONE,,32.18,30.319768,-2.223846,0.363614,True,1
2/11/2026 7:00:00 AM,2/11/2026 2:00:00 AM,1,PJM-RTO,,,ZONE,,30.87,29.441416,-1.622101,0.193517,True,1
2/11/2026 8:00:00 AM,2/11/2026 3:00:00 AM,1,PJM-RTO,,,ZONE,,32.60,29.923428,-2.666807,-0.009765,True,1
2/11/2026 9:00:00 AM,2/11/2026 4:00:00 AM,1,PJM-RTO,,,ZONE,,33.06,30.552856,-2.561504,0.054360,True,1
2/11/2026 10:00:00 AM,2/11/2026 5:00:00 AM,1,PJM-RTO,,,ZONE,,34.54,32.339029,-2.359907,0.158936,True,1
2/11/2026 11:00:00 AM,2/11/2026 6:00:00 AM,1,PJM-RTO,,,ZONE,,49.44,45.532886,-4.243891,0.336777,True,1
2/11/2026 12:00:00 PM,2/11/2026 7:00:00 AM,1,PJM-RTO,,,ZONE,,53.99,50.410535,-4.127291,0.547826,True,1
2/11/2026 1:00:00 PM,2/11/2026 8:00:00 AM,1,PJM-RTO,,,ZONE,,50.71,47.955241,-3.304221,0.549462,True,1
2/11/2026 2:00:00 PM,2/11/2026 9:00:00 AM,1,PJM-RTO,,,ZONE,,37.00,36.960207,-0.685557,0.645763,True,1
2/11/2026 3:00:00 PM,2/11/2026 10:00:00 AM,1,PJM-RTO,,,ZONE,,39.45,39.450562,-0.617880,0.618443,True,1
2/11/2026 4:00:00 PM,2/11/2026 11:00:00 AM,1,PJM-RTO,,,ZONE,,34.66,34.673281,-0.501907,0.515189,True,1
2/11/2026 5:00:00 PM,2/11/2026 12:00:00 PM,1,PJM-RTO,,,ZONE,,33.62,34.241608,0.142171,0.479437,True,1
2/11/2026 6:00:00 PM,2/11/2026 1:00:00 PM,1,PJM-RTO,,,ZONE,,33.26,33.340777,-0.332145,0.412922,True,1
2/11/2026 7:00:00 PM,2/11/2026 2:00:00 PM,1,PJM-RTO,,,ZONE,,30.53,31.907529,0.915165,0.462363,True,1
2/11/2026 8:00:00 PM,2/11/2026 3:00:00 PM,1,PJM-RTO,,,ZONE,,32.04,32.871494,0.315985,0.515510,True,1
2/11/2026 9:00:00 PM,2/11/2026 4:00:00 PM,1,PJM-RTO,,,ZONE,,36.93,36.751379,-0.755463,0.576842,True,1
2/11/2026 10:00:00 PM,2/11/2026 5:00:00 PM,1,PJM-RTO,,,ZONE,,51.65,50.762215,-1.522403,0.634618,True,1
2/11/2026 11:00:00 PM,2/11/2026 6:00:00 PM,1,PJM-RTO,,,ZONE,,62.46,59.487334,-3.753139,0.780473,True,1
2/12/2026 12:00:00 AM,2/11/2026 7:00:00 PM,1,PJM-RTO,,,ZONE,,53.76,52.645439,-1.681457,0.566896,True,1
2/12/2026 1:00:00 AM,2/11/2026 8:00:00 PM,1,PJM-RTO,,,ZONE,,51.11,49.396678,-2.344166,0.630844,True,1
2/12/2026 2:00:00 AM,2/11/2026 9:00:00 PM,1,PJM-RTO,,,ZONE,,50.36,49.033783,-1.650691,0.324474,True,1
2/12/2026 3:00:00 AM,2/11/2026 10:00:00 PM,1,PJM-RTO,,,ZONE,,46.28,45.127054,-1.387367,0.234422,True,1
2/12/2026 4:00:00 AM,2/11/2026 11:00:00 PM,1,PJM-RTO,,,ZONE,,41.91,40.434300,-1.803751,0.328051,True,1
2/12/2026 5:00:00 AM,2/12/2026 12:00:00 AM,1,PJM-RTO,,,ZONE,,41.52,41.502643,-0.507218,0.489861,True,1
2/12/2026 6:00:00 AM,2/12/2026 1:00:00 AM,1,PJM-RTO,,,ZONE,,39.62,39.728704,-0.370231,0.478935,True,1
2/12/2026 7:00:00 AM,2/12/2026 2:00:00 AM,1,PJM-RTO,,,ZONE,,38.81,36.707317,-2.539115,0.436432,True,1
2/12/2026 8:00:00 AM,2/12/2026 3:00:00 AM,1,PJM-RTO,,,ZONE,,38.74,36.435520,-2.621970,0.317490,True,1
2/12/2026 9:00:00 AM,2/12/2026 4:00:00 AM,1,PJM-RTO,,,ZONE,,40.70,37.027663,-3.900855,0.228517,True,1
2/12/2026 10:00:00 AM,2/12/2026 5:00:00 AM,1,PJM-RTO,,,ZONE,,46.11,43.458613,-3.215362,0.563975,True,1
2/12/2026 11:00:00 AM,2/12/2026 6:00:00 AM,1,PJM-RTO,,,ZONE,,70.02,72.480328,1.407143,1.053186,True,1
2/12/2026 12:00:00 PM,2/12/2026 7:00:00 AM,1,PJM-RTO,,,ZONE,,89.57,91.067108,0.367848,1.129260,True,1
2/12/2026 1:00:00 PM,2/12/2026 8:00:00 AM,1,PJM-RTO,,,ZONE,,52.42,46.631060,-6.826833,1.037892,True,1
2/12/2026 2:00:00 PM,2/12/2026 9:00:00 AM,1,PJM-RTO,,,ZONE,,39.95,39.687946,-1.050465,0.788411,True,1
2/12/2026 3:00:00 PM,2/12/2026 10:00:00 AM,1,PJM-RTO,,,ZONE,,43.11,42.868842,-1.013124,0.771966,True,1
2/12/2026 4:00:00 PM,2/12/2026 11:00:00 AM,1,PJM-RTO,,,ZONE,,41.63,42.377241,0.055351,0.691890,True,1
2/12/2026 5:00:00 PM,2/12/2026 12:00:00 PM,1,PJM-RTO,,,ZONE,,39.39,40.574620,0.571797,0.612823,True,1
2/12/2026 6:00:00 PM,2/12/2026 1:00:00 PM,1,PJM-RTO,,,ZONE,,37.74,39.474470,1.171515,0.562955,True,1
2/12/2026 7:00:00 PM,2/12/2026 2:00:00 PM,1,PJM-RTO,,,ZONE,,35.62,37.835674,1.677619,0.538054,True,1
2/12/2026 8:00:00 PM,2/12/2026 3:00:00 PM,1,PJM-RTO,,,ZONE,,36.13,37.259303,0.533147,0.596156,True,1
2/12/2026 9:00:00 PM,2/12/2026 4:00:00 PM,1,PJM-RTO,,,ZONE,,43.51,43.641883,-0.719115,0.850998,True,1
2/12/2026 10:00:00 PM,2/12/2026 5:00:00 PM,1,PJM-RTO,,,ZONE,,60.68,59.827772,-1.952639,1.100412,True,1
2/12/2026 11:00:00 PM,2/12/2026 6:00:00 PM,1,PJM-RTO,,,ZONE,,73.95,73.245295,-1.955750,1.251044,True,1
2/13/2026 12:00:00 AM,2/12/2026 7:00:00 PM,1,PJM-RTO,,,ZONE,,64.77,65.448891,-0.317973,0.996864,True,1
2/13/2026 1:00:00 AM,2/12/2026 8:00:00 PM,1,PJM-RTO,,,ZONE,,62.00,62.997383,0.052227,0.945155,True,1
2/13/2026 2:00:00 AM,2/12/2026 9:00:00 PM,1,PJM-RTO,,,ZONE,,55.72,57.599055,1.064519,0.814536,True,1
2/13/2026 3:00:00 AM,2/12/2026 10:00:00 PM,1,PJM-RTO,,,ZONE,,53.16,55.433711,1.711082,0.562629,True,1
2/13/2026 4:00:00 AM,2/12/2026 11:00:00 PM,1,PJM-RTO,,,ZONE,,46.24,47.356776,0.582281,0.534495,True,1
2/13/2026 5:00:00 AM,2/13/2026 12:00:00 AM,1,PJM-RTO,,,ZONE,,50.83,50.651734,-0.583782,0.405516,True,1
2/13/2026 6:00:00 AM,2/13/2026 1:00:00 AM,1,PJM-RTO,,,ZONE,,45.16,46.335004,0.714161,0.460843,True,1
2/13/2026 7:00:00 AM,2/13/2026 2:00:00 AM,1,PJM-RTO,,,ZONE,,45.37,45.641185,-0.207337,0.478522,True,1
2/13/2026 8:00:00 AM,2/13/2026 3:00:00 AM,1,PJM-RTO,,,ZONE,,45.80,47.466968,1.102268,0.564700,True,1
2/13/2026 9:00:00 AM,2/13/2026 4:00:00 AM,1,PJM-RTO,,,ZONE,,45.50,48.958487,2.940689,0.517798,True,1
2/13/2026 10:00:00 AM,2/13/2026 5:00:00 AM,1,PJM-RTO,,,ZONE,,54.02,59.024937,4.558996,0.445940,True,1
2/13/2026 11:00:00 AM,2/13/2026 6:00:00 AM,1,PJM-RTO,,,ZONE,,105.13,110.461054,4.521217,0.809837,True,1
2/13/2026 12:00:00 PM,2/13/2026 7:00:00 AM,1,PJM-RTO,,,ZONE,,133.48,150.512559,15.450873,1.581686,True,1
2/13/2026 1:00:00 PM,2/13/2026 8:00:00 AM,1,PJM-RTO,,,ZONE,,59.90,58.685758,-1.908024,0.693781,True,1
2/13/2026 2:00:00 PM,2/13/2026 9:00:00 AM,1,PJM-RTO,,,ZONE,,38.18,40.958575,2.283740,0.494835,True,1
2/13/2026 3:00:00 PM,2/13/2026 10:00:00 AM,1,PJM-RTO,,,ZONE,,38.70,40.182349,0.921886,0.560464,True,1
2/13/2026 4:00:00 PM,2/13/2026 11:00:00 AM,1,PJM-RTO,,,ZONE,,35.16,38.510539,2.782764,0.567775,True,1
2/13/2026 5:00:00 PM,2/13/2026 12:00:00 PM,1,PJM-RTO,,,ZONE,,30.54,35.022948,3.990440,0.492509,True,1
2/13/2026 6:00:00 PM,2/13/2026 1:00:00 PM,1,PJM-RTO,,,ZONE,,28.70,32.929183,3.773530,0.455653,True,1
2/13/2026 7:00:00 PM,2/13/2026 2:00:00 PM,1,PJM-RTO,,,ZONE,,28.46,31.408568,2.444465,0.504102,True,1
2/13/2026 8:00:00 PM,2/13/2026 3:00:00 PM,1,PJM-RTO,,,ZONE,,28.89,31.092576,1.734844,0.467732,True,1
2/13/2026 9:00:00 PM,2/13/2026 4:00:00 PM,1,PJM-RTO,,,ZONE,,35.99,36.730654,0.138856,0.601798,True,1
2/13/2026 10:00:00 PM,2/13/2026 5:00:00 PM,1,PJM-RTO,,,ZONE,,61.34,62.634153,0.530422,0.763730,True,1
2/13/2026 11:00:00 PM,2/13/2026 6:00:00 PM,1,PJM-RTO,,,ZONE,,67.18,66.885476,-1.233492,0.938968,True,1
2/14/2026 12:00:00 AM,2/13/2026 7:00:00 PM,1,PJM-RTO,,,ZONE,,48.09,52.190843,3.258902,0.841941,True,1
2/14/2026 1:00:00 AM,2/13/2026 8:00:00 PM,1,PJM-RTO,,,ZONE,,47.11,51.251603,3.326902,0.814701,True,1
2/14/2026 2:00:00 AM,2/13/2026 9:00:00 PM,1,PJM-RTO,,,ZONE,,48.23,50.952484,1.984209,0.738275,True,1
2/14/2026 3:00:00 AM,2/13/2026 10:00:00 PM,1,PJM-RTO,,,ZONE,,44.71,47.378165,1.935886,0.732279,True,1
2/14/2026 4:00:00 AM,2/13/2026 11:00:00 PM,1,PJM-RTO,,,ZONE,,42.68,44.680961,1.353682,0.647279,True,1
2/14/2026 5:00:00 AM,2/14/2026 12:00:00 AM,1,PJM-RTO,,,ZONE,,47.47,43.626446,-4.562437,0.718883,True,1
2/14/2026 6:00:00 AM,2/14/2026 1:00:00 AM,1,PJM-RTO,,,ZONE,,47.58,37.094046,-11.098460,0.612506,True,1
2/14/2026 7:00:00 AM,2/14/2026 2:00:00 AM,1,PJM-RTO,,,ZONE,,45.95,36.701083,-9.947475,0.698557,True,1
2/14/2026 8:00:00 AM,2/14/2026 3:00:00 AM,1,PJM-RTO,,,ZONE,,49.73,41.052088,-9.394526,0.716614,True,1
2/14/2026 9:00:00 AM,2/14/2026 4:00:00 AM,1,PJM-RTO,,,ZONE,,51.53,47.372403,-5.020685,0.863088,True,1
2/14/2026 10:00:00 AM,2/14/2026 5:00:00 AM,1,PJM-RTO,,,ZONE,,54.53,51.270468,-4.316564,1.057032,True,1
2/14/2026 11:00:00 AM,2/14/2026 6:00:00 AM,1,PJM-RTO,,,ZONE,,60.01,59.742982,-1.476516,1.209498,True,1
2/14/2026 12:00:00 PM,2/14/2026 7:00:00 AM,1,PJM-RTO,,,ZONE,,78.58,80.311229,0.285743,1.445486,True,1
2/14/2026 1:00:00 PM,2/14/2026 8:00:00 AM,1,PJM-RTO,,,ZONE,,40.75,38.349172,-3.129239,0.728411,True,1
2/14/2026 2:00:00 PM,2/14/2026 9:00:00 AM,1,PJM-RTO,,,ZONE,,31.42,33.098429,1.058259,0.620170,True,1
2/14/2026 3:00:00 PM,2/14/2026 10:00:00 AM,1,PJM-RTO,,,ZONE,,27.51,28.865780,0.840803,0.514978,True,1
2/14/2026 4:00:00 PM,2/14/2026 11:00:00 AM,1,PJM-RTO,,,ZONE,,26.16,27.656196,1.027244,0.468952,True,1
2/14/2026 5:00:00 PM,2/14/2026 12:00:00 PM,1,PJM-RTO,,,ZONE,,25.20,22.499222,-3.133593,0.432815,True,1
2/14/2026 6:00:00 PM,2/14/2026 1:00:00 PM,1,PJM-RTO,,,ZONE,,24.14,20.609075,-3.995689,0.464764,True,1
2/14/2026 7:00:00 PM,2/14/2026 2:00:00 PM,1,PJM-RTO,,,ZONE,,23.90,21.971457,-2.387912,0.459369,True,1
2/14/2026 8:00:00 PM,2/14/2026 3:00:00 PM,1,PJM-RTO,,,ZONE,,25.32,23.960167,-1.817434,0.457601,True,1
2/14/2026 9:00:00 PM,2/14/2026 4:00:00 PM,1,PJM-RTO,,,ZONE,,31.59,30.589574,-1.490026,0.489599,True,1
2/14/2026 10:00:00 PM,2/14/2026 5:00:00 PM,1,PJM-RTO,,,ZONE,,45.49,45.055716,-0.773236,0.338952,True,1
2/14/2026 11:00:00 PM,2/14/2026 6:00:00 PM,1,PJM-RTO,,,ZONE,,49.32,46.167357,-3.499702,0.347059,True,1
2/15/2026 12:00:00 AM,2/14/2026 7:00:00 PM,1,PJM-RTO,,,ZONE,,41.65,39.899075,-2.269735,0.518810,True,1
2/15/2026 1:00:00 AM,2/14/2026 8:00:00 PM,1,PJM-RTO,,,ZONE,,39.84,37.074005,-3.276318,0.510323,True,1
2/15/2026 2:00:00 AM,2/14/2026 9:00:00 PM,1,PJM-RTO,,,ZONE,,39.57,33.728920,-6.346775,0.505694,True,1
2/15/2026 3:00:00 AM,2/14/2026 10:00:00 PM,1,PJM-RTO,,,ZONE,,35.23,34.078385,-1.624891,0.473276,True,1
2/15/2026 4:00:00 AM,2/14/2026 11:00:00 PM,1,PJM-RTO,,,ZONE,,34.54,30.526260,-4.444175,0.430435,True,1
2/15/2026 5:00:00 AM,2/15/2026 12:00:00 AM,1,PJM-RTO,,,ZONE,,33.02,23.939896,-9.534938,0.454834,True,1
2/15/2026 6:00:00 AM,2/15/2026 1:00:00 AM,1,PJM-RTO,,,ZONE,,32.89,22.116354,-11.179622,0.405976,True,1
2/15/2026 7:00:00 AM,2/15/2026 2:00:00 AM,1,PJM-RTO,,,ZONE,,30.90,20.257643,-11.038686,0.396328,True,1
2/15/2026 8:00:00 AM,2/15/2026 3:00:00 AM,1,PJM-RTO,,,ZONE,,31.18,21.663735,-9.829314,0.313048,True,1
2/15/2026 9:00:00 AM,2/15/2026 4:00:00 AM,1,PJM-RTO,,,ZONE,,32.26,24.913112,-7.342391,-0.004497,True,1
2/15/2026 10:00:00 AM,2/15/2026 5:00:00 AM,1,PJM-RTO,,,ZONE,,32.16,27.055130,-5.271569,0.166699,True,1
2/15/2026 11:00:00 AM,2/15/2026 6:00:00 AM,1,PJM-RTO,,,ZONE,,34.63,28.820223,-5.997577,0.187799,True,1
2/15/2026 12:00:00 PM,2/15/2026 7:00:00 AM,1,PJM-RTO,,,ZONE,,39.08,31.414013,-8.057056,0.391069,True,1
2/15/2026 1:00:00 PM,2/15/2026 8:00:00 AM,1,PJM-RTO,,,ZONE,,42.28,35.878709,-6.825173,0.423882,True,1
2/15/2026 2:00:00 PM,2/15/2026 9:00:00 AM,1,PJM-RTO,,,ZONE,,43.51,34.653003,-9.401320,0.544323,True,1
2/15/2026 3:00:00 PM,2/15/2026 10:00:00 AM,1,PJM-RTO,,,ZONE,,39.05,31.489689,-8.024243,0.463933,True,1
2/15/2026 4:00:00 PM,2/15/2026 11:00:00 AM,1,PJM-RTO,,,ZONE,,38.61,32.383646,-6.619445,0.393090,True,1
2/15/2026 5:00:00 PM,2/15/2026 12:00:00 PM,1,PJM-RTO,,,ZONE,,37.58,32.553085,-5.366706,0.339791,True,1
2/15/2026 6:00:00 PM,2/15/2026 1:00:00 PM,1,PJM-RTO,,,ZONE,,35.68,29.650221,-6.397619,0.367840,True,1
2/15/2026 7:00:00 PM,2/15/2026 2:00:00 PM,1,PJM-RTO,,,ZONE,,35.15,31.631217,-3.890945,0.372162,True,1
2/15/2026 8:00:00 PM,2/15/2026 3:00:00 PM,1,PJM-RTO,,,ZONE,,34.43,25.308390,-9.486101,0.364491,True,1
2/15/2026 9:00:00 PM,2/15/2026 4:00:00 PM,1,PJM-RTO,,,ZONE,,37.92,28.476941,-9.788692,0.345633,True,1
2/15/2026 10:00:00 PM,2/15/2026 5:00:00 PM,1,PJM-RTO,,,ZONE,,47.63,35.296741,-12.792191,0.458932,True,1
2/15/2026 11:00:00 PM,2/15/2026 6:00:00 PM,1,PJM-RTO,,,ZONE,,50.16,39.562427,-11.021162,0.423589,True,1
2/16/2026 12:00:00 AM,2/15/2026 7:00:00 PM,1,PJM-RTO,,,ZONE,,47.23,35.876844,-11.663990,0.310834,True,1
2/16/2026 1:00:00 AM,2/15/2026 8:00:00 PM,1,PJM-RTO,,,ZONE,,42.82,33.024562,-10.152291,0.356852,True,1
2/16/2026 2:00:00 AM,2/15/2026 9:00:00 PM,1,PJM-RTO,,,ZONE,,39.11,28.258955,-11.266888,0.415842,True,1
2/16/2026 3:00:00 AM,2/15/2026 10:00:00 PM,1,PJM-RTO,,,ZONE,,35.96,29.841444,-6.561289,0.442733,True,1
2/16/2026 4:00:00 AM,2/15/2026 11:00:00 PM,1,PJM-RTO,,,ZONE,,33.89,26.043998,-8.237934,0.391932,True,1
2/16/2026 5:00:00 AM,2/16/2026 12:00:00 AM,1,PJM-RTO,,,ZONE,,31.94,31.924797,-0.172655,0.157451,True,1
2/16/2026 6:00:00 AM,2/16/2026 1:00:00 AM,1,PJM-RTO,,,ZONE,,29.32,29.120229,-0.291537,0.091767,True,1
2/16/2026 7:00:00 AM,2/16/2026 2:00:00 AM,1,PJM-RTO,,,ZONE,,28.57,28.589899,-0.197103,0.217002,True,1
2/16/2026 8:00:00 AM,2/16/2026 3:00:00 AM,1,PJM-RTO,,,ZONE,,28.46,28.358514,-0.257583,0.156097,True,1
2/16/2026 9:00:00 AM,2/16/2026 4:00:00 AM,1,PJM-RTO,,,ZONE,,29.06,28.561481,-0.600702,0.102182,True,1
2/16/2026 10:00:00 AM,2/16/2026 5:00:00 AM,1,PJM-RTO,,,ZONE,,33.09,33.212371,-0.071458,0.193829,True,1
2/16/2026 11:00:00 AM,2/16/2026 6:00:00 AM,1,PJM-RTO,,,ZONE,,39.69,40.316499,0.210202,0.416297,True,1
2/16/2026 12:00:00 PM,2/16/2026 7:00:00 AM,1,PJM-RTO,,,ZONE,,46.42,46.468676,-0.457684,0.506361,True,1
2/16/2026 1:00:00 PM,2/16/2026 8:00:00 AM,1,PJM-RTO,,,ZONE,,41.00,40.947183,-0.484422,0.431605,True,1
2/16/2026 2:00:00 PM,2/16/2026 9:00:00 AM,1,PJM-RTO,,,ZONE,,37.79,37.402384,-0.807383,0.419767,True,1
2/16/2026 3:00:00 PM,2/16/2026 10:00:00 AM,1,PJM-RTO,,,ZONE,,35.94,35.894495,-0.470729,0.425224,True,1
2/16/2026 4:00:00 PM,2/16/2026 11:00:00 AM,1,PJM-RTO,,,ZONE,,31.12,31.328293,-0.140588,0.348882,True,1
2/16/2026 5:00:00 PM,2/16/2026 12:00:00 PM,1,PJM-RTO,,,ZONE,,29.94,30.062600,-0.250797,0.373397,True,1
2/16/2026 6:00:00 PM,2/16/2026 1:00:00 PM,1,PJM-RTO,,,ZONE,,28.57,28.513088,-0.385581,0.328669,True,1
2/16/2026 7:00:00 PM,2/16/2026 2:00:00 PM,1,PJM-RTO,,,ZONE,,27.25,27.416490,-0.193143,0.359633,True,1
2/16/2026 8:00:00 PM,2/16/2026 3:00:00 PM,1,PJM-RTO,,,ZONE,,26.78,27.324390,0.153722,0.390667,True,1
2/16/2026 9:00:00 PM,2/16/2026 4:00:00 PM,1,PJM-RTO,,,ZONE,,29.25,28.883804,-0.705549,0.339354,True,1
2/16/2026 10:00:00 PM,2/16/2026 5:00:00 PM,1,PJM-RTO,,,ZONE,,41.32,41.160022,-0.612717,0.452739,True,1
2/16/2026 11:00:00 PM,2/16/2026 6:00:00 PM,1,PJM-RTO,,,ZONE,,45.93,46.392308,-0.116591,0.578899,True,1
2/17/2026 12:00:00 AM,2/16/2026 7:00:00 PM,1,PJM-RTO,,,ZONE,,38.45,38.642862,-0.354739,0.547601,True,1
2/17/2026 1:00:00 AM,2/16/2026 8:00:00 PM,1,PJM-RTO,,,ZONE,,35.59,36.775244,0.624730,0.560514,True,1
2/17/2026 2:00:00 AM,2/16/2026 9:00:00 PM,1,PJM-RTO,,,ZONE,,33.66,35.175484,0.968151,0.547332,True,1
2/17/2026 3:00:00 AM,2/16/2026 10:00:00 PM,1,PJM-RTO,,,ZONE,,30.63,31.658570,0.573084,0.455486,True,1
2/17/2026 4:00:00 AM,2/16/2026 11:00:00 PM,1,PJM-RTO,,,ZONE,,29.71,30.469305,0.390076,0.369229,True,1
2/17/2026 5:00:00 AM,2/17/2026 12:00:00 AM,1,PJM-RTO,,,ZONE,,31.55,31.061289,-0.751561,0.262850,True,1
2/17/2026 6:00:00 AM,2/17/2026 1:00:00 AM,1,PJM-RTO,,,ZONE,,30.66,30.325914,-0.588533,0.254446,True,1
2/17/2026 7:00:00 AM,2/17/2026 2:00:00 AM,1,PJM-RTO,,,ZONE,,31.07,29.175256,-2.131074,0.236331,True,1
2/17/2026 8:00:00 AM,2/17/2026 3:00:00 AM,1,PJM-RTO,,,ZONE,,33.81,31.361436,-2.658727,0.210163,True,1
2/17/2026 9:00:00 AM,2/17/2026 4:00:00 AM,1,PJM-RTO,,,ZONE,,35.60,32.773747,-3.164281,0.338028,True,1
2/17/2026 10:00:00 AM,2/17/2026 5:00:00 AM,1,PJM-RTO,,,ZONE,,38.35,37.354916,-1.467390,0.472306,True,1
2/17/2026 11:00:00 AM,2/17/2026 6:00:00 AM,1,PJM-RTO,,,ZONE,,60.89,61.317066,-0.223875,0.650941,True,1
2/17/2026 12:00:00 PM,2/17/2026 7:00:00 AM,1,PJM-RTO,,,ZONE,,82.93,81.176555,-2.819071,1.065626,True,1
2/17/2026 1:00:00 PM,2/17/2026 8:00:00 AM,1,PJM-RTO,,,ZONE,,37.98,39.759632,1.458844,0.320787,True,1
2/17/2026 2:00:00 PM,2/17/2026 9:00:00 AM,1,PJM-RTO,,,ZONE,,30.61,31.996233,0.937463,0.448770,True,1
2/17/2026 3:00:00 PM,2/17/2026 10:00:00 AM,1,PJM-RTO,,,ZONE,,32.63,30.032585,-2.989135,0.391719,True,1
2/17/2026 4:00:00 PM,2/17/2026 11:00:00 AM,1,PJM-RTO,,,ZONE,,29.69,28.255642,-1.827736,0.393378,True,1
2/17/2026 5:00:00 PM,2/17/2026 12:00:00 PM,1,PJM-RTO,,,ZONE,,28.12,25.872746,-2.686454,0.439200,True,1
2/17/2026 6:00:00 PM,2/17/2026 1:00:00 PM,1,PJM-RTO,,,ZONE,,27.94,25.142856,-3.212025,0.414882,True,1
2/17/2026 7:00:00 PM,2/17/2026 2:00:00 PM,1,PJM-RTO,,,ZONE,,27.08,25.274119,-2.208176,0.402295,True,1
2/17/2026 8:00:00 PM,2/17/2026 3:00:00 PM,1,PJM-RTO,,,ZONE,,27.94,25.578030,-2.764481,0.402511,True,1
2/17/2026 9:00:00 PM,2/17/2026 4:00:00 PM,1,PJM-RTO,,,ZONE,,31.77,27.832845,-4.342662,0.405507,True,1
2/17/2026 10:00:00 PM,2/17/2026 5:00:00 PM,1,PJM-RTO,,,ZONE,,38.00,36.983078,-1.478376,0.461454,True,1
2/17/2026 11:00:00 PM,2/17/2026 6:00:00 PM,1,PJM-RTO,,,ZONE,,38.74,40.040094,0.823739,0.476355,True,1
2/18/2026 12:00:00 AM,2/17/2026 7:00:00 PM,1,PJM-RTO,,,ZONE,,38.01,33.782533,-4.602073,0.374606,True,1
2/18/2026 1:00:00 AM,2/17/2026 8:00:00 PM,1,PJM-RTO,,,ZONE,,36.01,32.160096,-4.182274,0.332370,True,1
2/18/2026 2:00:00 AM,2/17/2026 9:00:00 PM,1,PJM-RTO,,,ZONE,,31.76,28.047800,-4.041431,0.329231,True,1
2/18/2026 3:00:00 AM,2/17/2026 10:00:00 PM,1,PJM-RTO,,,ZONE,,29.05,25.534180,-3.768485,0.252664,True,1
2/18/2026 4:00:00 AM,2/17/2026 11:00:00 PM,1,PJM-RTO,,,ZONE,,26.83,22.281351,-4.760449,0.211800,True,1
2/18/2026 5:00:00 AM,2/18/2026 12:00:00 AM,1,PJM-RTO,,,ZONE,,25.46,24.388724,-1.381228,0.309952,True,1
2/18/2026 6:00:00 AM,2/18/2026 1:00:00 AM,1,PJM-RTO,,,ZONE,,25.17,22.910444,-2.597369,0.337813,True,1
2/18/2026 7:00:00 AM,2/18/2026 2:00:00 AM,1,PJM-RTO,,,ZONE,,25.02,21.335978,-3.985264,0.301242,True,1
2/18/2026 8:00:00 AM,2/18/2026 3:00:00 AM,1,PJM-RTO,,,ZONE,,24.88,21.075268,-4.028840,0.224108,True,1
2/18/2026 9:00:00 AM,2/18/2026 4:00:00 AM,1,PJM-RTO,,,ZONE,,24.58,23.569925,-1.270918,0.260843,True,1
2/18/2026 10:00:00 AM,2/18/2026 5:00:00 AM,1,PJM-RTO,,,ZONE,,27.47,24.757952,-2.899405,0.187357,True,1
2/18/2026 11:00:00 AM,2/18/2026 6:00:00 AM,1,PJM-RTO,,,ZONE,,35.77,36.649242,0.623691,0.255551,True,1
2/18/2026 12:00:00 PM,2/18/2026 7:00:00 AM,1,PJM-RTO,,,ZONE,,39.98,40.921169,0.446792,0.494377,True,1
2/18/2026 1:00:00 PM,2/18/2026 8:00:00 AM,1,PJM-RTO,,,ZONE,,37.20,37.574059,-0.029194,0.403253,True,1
2/18/2026 2:00:00 PM,2/18/2026 9:00:00 AM,1,PJM-RTO,,,ZONE,,36.41,37.900747,0.946771,0.543976,True,1
2/18/2026 3:00:00 PM,2/18/2026 10:00:00 AM,1,PJM-RTO,,,ZONE,,36.69,36.965646,-0.330778,0.606425,True,1
2/18/2026 4:00:00 PM,2/18/2026 11:00:00 AM,1,PJM-RTO,,,ZONE,,32.00,31.717311,-0.671833,0.389143,True,1
2/18/2026 5:00:00 PM,2/18/2026 12:00:00 PM,1,PJM-RTO,,,ZONE,,28.95,29.807576,0.516359,0.341217,True,1
2/18/2026 6:00:00 PM,2/18/2026 1:00:00 PM,1,PJM-RTO,,,ZONE,,27.17,27.821178,0.314741,0.336437,True,1
2/18/2026 7:00:00 PM,2/18/2026 2:00:00 PM,1,PJM-RTO,,,ZONE,,26.22,26.861559,0.285110,0.356449,True,1
2/18/2026 8:00:00 PM,2/18/2026 3:00:00 PM,1,PJM-RTO,,,ZONE,,25.97,26.442232,0.079375,0.392856,True,1
2/18/2026 9:00:00 PM,2/18/2026 4:00:00 PM,1,PJM-RTO,,,ZONE,,28.19,28.714878,0.049109,0.475769,True,1
2/18/2026 10:00:00 PM,2/18/2026 5:00:00 PM,1,PJM-RTO,,,ZONE,,35.76,35.856915,-0.155426,0.252341,True,1
2/18/2026 11:00:00 PM,2/18/2026 6:00:00 PM,1,PJM-RTO,,,ZONE,,41.45,40.592693,-0.632630,-0.224677,True,1
2/19/2026 12:00:00 AM,2/18/2026 7:00:00 PM,1,PJM-RTO,,,ZONE,,36.29,36.132443,-0.189903,0.032346,True,1
2/19/2026 1:00:00 AM,2/18/2026 8:00:00 PM,1,PJM-RTO,,,ZONE,,34.05,33.796293,-0.372986,0.119279,True,1
2/19/2026 2:00:00 AM,2/18/2026 9:00:00 PM,1,PJM-RTO,,,ZONE,,30.36,30.468059,-0.071221,0.179281,True,1
2/19/2026 3:00:00 AM,2/18/2026 10:00:00 PM,1,PJM-RTO,,,ZONE,,27.83,28.118947,0.241024,0.047924,True,1
2/19/2026 4:00:00 AM,2/18/2026 11:00:00 PM,1,PJM-RTO,,,ZONE,,26.69,22.680284,-4.295136,0.285420,True,1
2/19/2026 5:00:00 AM,2/19/2026 12:00:00 AM,1,PJM-RTO,,,ZONE,,28.23,24.908768,-3.550360,0.229127,True,1
2/19/2026 6:00:00 AM,2/19/2026 1:00:00 AM,1,PJM-RTO,,,ZONE,,28.60,25.820184,-2.800749,0.020933,True,1
2/19/2026 7:00:00 AM,2/19/2026 2:00:00 AM,1,PJM-RTO,,,ZONE,,28.19,26.049220,-2.010060,-0.130720,True,1
2/19/2026 8:00:00 AM,2/19/2026 3:00:00 AM,1,PJM-RTO,,,ZONE,,29.67,26.526704,-2.998772,-0.144524,True,1
2/19/2026 9:00:00 AM,2/19/2026 4:00:00 AM,1,PJM-RTO,,,ZONE,,30.78,27.150703,-3.541022,-0.088275,True,1
2/19/2026 10:00:00 AM,2/19/2026 5:00:00 AM,1,PJM-RTO,,,ZONE,,32.65,29.905333,-2.903035,0.158368,True,1
2/19/2026 11:00:00 AM,2/19/2026 6:00:00 AM,1,PJM-RTO,,,ZONE,,42.72,42.899403,-0.479805,0.659207,True,1
2/19/2026 12:00:00 PM,2/19/2026 7:00:00 AM,1,PJM-RTO,,,ZONE,,43.68,46.775693,2.237213,0.858480,True,1
2/19/2026 1:00:00 PM,2/19/2026 8:00:00 AM,1,PJM-RTO,,,ZONE,,43.69,45.184337,0.628197,0.866140,True,1
2/19/2026 2:00:00 PM,2/19/2026 9:00:00 AM,1,PJM-RTO,,,ZONE,,44.98,47.288347,1.439171,0.869176,True,1
2/19/2026 3:00:00 PM,2/19/2026 10:00:00 AM,1,PJM-RTO,,,ZONE,,45.18,45.952310,-0.203890,0.976201,True,1
2/19/2026 4:00:00 PM,2/19/2026 11:00:00 AM,1,PJM-RTO,,,ZONE,,41.20,41.481455,-0.598650,0.880104,True,1
2/19/2026 5:00:00 PM,2/19/2026 12:00:00 PM,1,PJM-RTO,,,ZONE,,38.87,38.213490,-1.628973,0.972464,True,1
2/19/2026 6:00:00 PM,2/19/2026 1:00:00 PM,1,PJM-RTO,,,ZONE,,36.36,38.295571,1.131276,0.804295,True,1
2/19/2026 7:00:00 PM,2/19/2026 2:00:00 PM,1,PJM-RTO,,,ZONE,,33.03,35.124514,1.410339,0.684175,True,1
2/19/2026 8:00:00 PM,2/19/2026 3:00:00 PM,1,PJM-RTO,,,ZONE,,32.60,34.479921,1.253093,0.626827,True,1
2/19/2026 9:00:00 PM,2/19/2026 4:00:00 PM,1,PJM-RTO,,,ZONE,,35.52,37.076306,0.903060,0.653246,True,1
2/19/2026 10:00:00 PM,2/19/2026 5:00:00 PM,1,PJM-RTO,,,ZONE,,43.77,45.793381,1.318898,0.704483,True,1
2/19/2026 11:00:00 PM,2/19/2026 6:00:00 PM,1,PJM-RTO,,,ZONE,,46.52,48.786561,1.573144,0.693416,True,1
2/20/2026 12:00:00 AM,2/19/2026 7:00:00 PM,1,PJM-RTO,,,ZONE,,41.37,43.300116,1.259725,0.670391,True,1
2/20/2026 1:00:00 AM,2/19/2026 8:00:00 PM,1,PJM-RTO,,,ZONE,,38.91,40.549644,1.117194,0.522450,True,1
2/20/2026 2:00:00 AM,2/19/2026 9:00:00 PM,1,PJM-RTO,,,ZONE,,36.33,37.870978,1.064807,0.476172,True,1
2/20/2026 3:00:00 AM,2/19/2026 10:00:00 PM,1,PJM-RTO,,,ZONE,,33.17,30.557650,-3.037599,0.425249,True,1
2/20/2026 4:00:00 AM,2/19/2026 11:00:00 PM,1,PJM-RTO,,,ZONE,,29.84,24.902331,-5.231910,0.294241,True,1
2/20/2026 5:00:00 AM,2/20/2026 12:00:00 AM,1,PJM-RTO,,,ZONE,,25.72,24.451217,-1.424948,0.156165,True,1
2/20/2026 6:00:00 AM,2/20/2026 1:00:00 AM,1,PJM-RTO,,,ZONE,,24.66,23.521878,-1.287944,0.149823,True,1
2/20/2026 7:00:00 AM,2/20/2026 2:00:00 AM,1,PJM-RTO,,,ZONE,,23.54,22.949751,-0.727066,0.136817,True,1
2/20/2026 8:00:00 AM,2/20/2026 3:00:00 AM,1,PJM-RTO,,,ZONE,,23.30,23.065790,-0.419421,0.185211,True,1
2/20/2026 9:00:00 AM,2/20/2026 4:00:00 AM,1,PJM-RTO,,,ZONE,,23.99,23.365175,-0.802731,0.177906,True,1
2/20/2026 10:00:00 AM,2/20/2026 5:00:00 AM,1,PJM-RTO,,,ZONE,,27.81,28.361559,0.286846,0.264713,True,1
2/20/2026 11:00:00 AM,2/20/2026 6:00:00 AM,1,PJM-RTO,,,ZONE,,36.28,39.343506,2.559322,0.504184,True,1
2/20/2026 12:00:00 PM,2/20/2026 7:00:00 AM,1,PJM-RTO,,,ZONE,,41.92,45.050813,2.488299,0.642515,True,1
2/20/2026 1:00:00 PM,2/20/2026 8:00:00 AM,1,PJM-RTO,,,ZONE,,38.69,40.975175,1.699977,0.585198,True,1
2/20/2026 2:00:00 PM,2/20/2026 9:00:00 AM,1,PJM-RTO,,,ZONE,,34.65,37.635061,2.480440,0.504621,True,1
2/20/2026 3:00:00 PM,2/20/2026 10:00:00 AM,1,PJM-RTO,,,ZONE,,36.64,39.659554,2.452482,0.567072,True,1
2/20/2026 4:00:00 PM,2/20/2026 11:00:00 AM,1,PJM-RTO,,,ZONE,,31.69,34.469678,2.292549,0.487128,True,1
2/20/2026 5:00:00 PM,2/20/2026 12:00:00 PM,1,PJM-RTO,,,ZONE,,28.30,31.593261,2.857288,0.435973,True,1
2/20/2026 6:00:00 PM,2/20/2026 1:00:00 PM,1,PJM-RTO,,,ZONE,,26.47,29.835088,2.978773,0.386315,True,1
2/20/2026 7:00:00 PM,2/20/2026 2:00:00 PM,1,PJM-RTO,,,ZONE,,25.60,28.530871,2.560029,0.370841,True,1
2/20/2026 8:00:00 PM,2/20/2026 3:00:00 PM,1,PJM-RTO,,,ZONE,,25.43,26.989764,1.151919,0.407845,True,1
2/20/2026 9:00:00 PM,2/20/2026 4:00:00 PM,1,PJM-RTO,,,ZONE,,26.61,28.002209,0.971632,0.420577,True,1
2/20/2026 10:00:00 PM,2/20/2026 5:00:00 PM,1,PJM-RTO,,,ZONE,,36.99,34.181420,-3.385154,0.576575,True,1
2/20/2026 11:00:00 PM,2/20/2026 6:00:00 PM,1,PJM-RTO,,,ZONE,,40.90,39.173454,-2.063288,0.336742,True,1
2/21/2026 12:00:00 AM,2/20/2026 7:00:00 PM,1,PJM-RTO,,,ZONE,,37.31,35.476945,-2.187957,0.354902,True,1
2/21/2026 1:00:00 AM,2/20/2026 8:00:00 PM,1,PJM-RTO,,,ZONE,,34.65,33.528349,-1.503650,0.381999,True,1
2/21/2026 2:00:00 AM,2/20/2026 9:00:00 PM,1,PJM-RTO,,,ZONE,,31.83,30.317529,-1.988868,0.476397,True,1
2/21/2026 3:00:00 AM,2/20/2026 10:00:00 PM,1,PJM-RTO,,,ZONE,,28.63,26.801822,-2.174048,0.345871,True,1
2/21/2026 4:00:00 AM,2/20/2026 11:00:00 PM,1,PJM-RTO,,,ZONE,,26.39,24.350784,-2.270744,0.231528,True,1
2/21/2026 5:00:00 AM,2/21/2026 12:00:00 AM,1,PJM-RTO,,,ZONE,,26.82,26.229709,-0.831996,0.241705,True,1
