datetime_beginning_utc,datetime_beginning_ept,pnode_id,pnode_name,voltage,equipment,type,zone,system_energy_price_rt,total_lmp_rt,congestion_price_rt,marginal_loss_price_rt,row_is_current,version_nbr
2/1/2026 5:00:00 AM,2/1/2026 12:00:00 AM,1,PJM-RTO,,,ZONE,,545.540000,548.173768,2.182796,0.447639,True,1
2/1/2026 6:00:00 AM,2/1/2026 1:00:00 AM,1,PJM-RTO,,,ZONE,,613.890000,616.742117,2.353005,0.496611,True,1
2/1/2026 7:00:00 AM,2/1/2026 2:00:00 AM,1,PJM-RTO,,,ZONE,,766.970000,770.891931,3.264165,0.660266,True,1
2/1/2026 8:00:00 AM,2/1/2026 3:00:00 AM,1,PJM-RTO,,,ZONE,,932.630000,937.270964,3.797352,0.846113,True,1
2/1/2026 9:00:00 AM,2/1/2026 4:00:00 AM,1,PJM-RTO,,,ZONE,,511.440000,514.795098,2.899082,0.457683,True,1
2/1/2026 10:00:00 AM,2/1/2026 5:00:00 AM,1,PJM-RTO,,,ZONE,,516.410000,519.562099,2.712826,0.435940,True,1
2/1/2026 11:00:00 AM,2/1/2026 6:00:00 AM,1,PJM-RTO,,,ZONE,,655.080000,658.993951,3.338732,0.576053,True,1
2/1/2026 12:00:00 PM,2/1/2026 7:00:00 AM,1,PJM-RTO,,,ZONE,,570.520000,573.752970,2.720134,0.508669,True,1
2/1/2026 1:00:00 PM,2/1/2026 8:00:00 AM,1,PJM-RTO,,,ZONE,,401.970000,403.535923,1.209857,0.354400,True,1
2/1/2026 2:00:00 PM,2/1/2026 9:00:00 AM,1,PJM-RTO,,,ZONE,,177.280000,177.971712,0.537562,0.152484,True,1
2/1/2026 3:00:00 PM,2/1/2026 10:00:00 AM,1,PJM-RTO,,,ZONE,,155.740000,156.076317,0.200506,0.139145,True,1
2/1/2026 4:00:00 PM,2/1/2026 11:00:00 AM,1,PJM-RTO,,,ZONE,,129.760000,130.177432,0.291845,0.124753,True,1
2/1/2026 5:00:00 PM,2/1/2026 12:00:00 PM,1,PJM-RTO,,,ZONE,,118.480000,118.818590,0.228550,0.110874,True,1
2/1/2026 6:00:00 PM,2/1/2026 1:00:00 PM,1,PJM-RTO,,,ZONE,,87.730000,87.874999,0.062793,0.078872,True,1
2/1/2026 7:00:00 PM,2/1/2026 2:00:00 PM,1,PJM-RTO,,,ZONE,,70.130000,70.232487,0.040039,0.064115,True,1
2/1/2026 8:00:00 PM,2/1/2026 3:00:00 PM,1,PJM-RTO,,,ZONE,,108.310000,108.544317,0.141935,0.091548,True,1
2/1/2026 9:00:00 PM,2/1/2026 4:00:00 PM,1,PJM-RTO,,,ZONE,,199.860000,200.406397,0.362175,0.181722,True,1
2/1/2026 10:00:00 PM,2/1/2026 5:00:00 PM,1,PJM-RTO,,,ZONE,,342.260000,343.439567,0.869542,0.307525,True,1
2/1/2026 11:00:00 PM,2/1/2026 6:00:00 PM,1,PJM-RTO,,,ZONE,,280.440000,281.023252,0.375504,0.209414,True,1
2/2/2026 12:00:00 AM,2/1/2026 7:00:00 PM,1,PJM-RTO,,,ZONE,,267.120000,267.908992,0.557440,0.232385,True,1
2/2/2026 1:00:00 AM,2/1/2026 8:00:00 PM,1,PJM-RTO,,,ZONE,,223.430000,224.187058,0.560957,0.191934,True,1
2/2/2026 2:00:00 AM,2/1/2026 9:00:00 PM,1,PJM-RTO,,,ZONE,,328.640000,329.759302,0.844273,0.280028,True,1
2/2/2026 3:00:00 AM,2/1/2026 10:00:00 PM,1,PJM-RTO,,,ZONE,,258.920000,259.988049,0.835188,0.230362,True,1
2/2/2026 4:00:00 AM,2/1/2026 11:00:00 PM,1,PJM-RTO,,,ZONE,,139.760000,140.301584,0.419230,0.123188,True,1
2/2/2026 5:00:00 AM,2/2/2026 12:00:00 AM,1,PJM-RTO,,,ZONE,,248.420000,249.494324,0.855673,0.220317,True,1
2/2/2026 6:00:00 AM,2/2/2026 1:00:00 AM,1,PJM-RTO,,,ZONE,,310.750000,312.086289,1.073210,0.258912,True,1
2/2/2026 7:00:00 AM,2/2/2026 2:00:00 AM,1,PJM-RTO,,,ZONE,,174.560000,175.344991,0.630970,0.154021,True,1
2/2/2026 8:00:00 AM,2/2/2026 3:00:00 AM,1,PJM-RTO,,,ZONE,,316.530000,317.805355,1.006636,0.271219,True,1
2/2/2026 9:00:00 AM,2/2/2026 4:00:00 AM,1,PJM-RTO,,,ZONE,,259.220000,260.598422,1.146774,0.227481,True,1
2/2/2026 10:00:00 AM,2/2/2026 5:00:00 AM,1,PJM-RTO,,,ZONE,,274.600000,275.690213,0.866854,0.223358,True,1
2/2/2026 11:00:00 AM,2/2/2026 6:00:00 AM,1,PJM-RTO,,,ZONE,,437.570000,439.029016,1.118191,0.336658,True,1
2/2/2026 12:00:00 PM,2/2/2026 7:00:00 AM,1,PJM-RTO,,,ZONE,,711.190000,712.972693,1.223985,0.557875,True,1
2/2/2026 1:00:00 PM,2/2/2026 8:00:00 AM,1,PJM-RTO,,,ZONE,,285.730000,285.966196,0.060500,0.179029,True,1
2/2/2026 2:00:00 PM,2/2/2026 9:00:00 AM,1,PJM-RTO,,,ZONE,,174.260000,174.468860,0.085813,0.123047,True,1
2/2/2026 3:00:00 PM,2/2/2026 10:00:00 AM,1,PJM-RTO,,,ZONE,,369.590000,370.042791,0.188243,0.261214,True,1
2/2/2026 4:00:00 PM,2/2/2026 11:00:00 AM,1,PJM-RTO,,,ZONE,,230.460000,230.893525,0.260420,0.176438,True,1
2/2/2026 5:00:00 PM,2/2/2026 12:00:00 PM,1,PJM-RTO,,,ZONE,,111.810000,111.996616,0.096499,0.090117,True,1
2/2/2026 6:00:00 PM,2/2/2026 1:00:00 PM,1,PJM-RTO,,,ZONE,,92.460000,92.671845,0.136375,0.074636,True,1
2/2/2026 7:00:00 PM,2/2/2026 2:00:00 PM,1,PJM-RTO,,,ZONE,,119.510000,119.631472,0.027697,0.092942,True,1
2/2/2026 8:00:00 PM,2/2/2026 3:00:00 PM,1,PJM-RTO,,,ZONE,,202.160000,202.087320,-0.229595,0.156081,True,1
2/2/2026 9:00:00 PM,2/2/2026 4:00:00 PM,1,PJM-RTO,,,ZONE,,214.940000,215.286508,0.195426,0.154416,True,1
2/2/2026 10:00:00 PM,2/2/2026 5:00:00 PM,1,PJM-RTO,,,ZONE,,234.390000,235.043154,0.465601,0.184219,True,1
2/2/2026 11:00:00 PM,2/2/2026 6:00:00 PM,1,PJM-RTO,,,ZONE,,198.850000,199.267010,0.253108,0.161402,True,1
2/3/2026 12:00:00 AM,2/2/2026 7:00:00 PM,1,PJM-RTO,,,ZONE,,179.070000,179.489912,0.270335,0.149577,True,1
2/3/2026 1:00:00 AM,2/2/2026 8:00:00 PM,1,PJM-RTO,,,ZONE,,176.200000,176.621124,0.273077,0.146380,True,1
2/3/2026 2:00:00 AM,2/2/2026 9:00:00 PM,1,PJM-RTO,,,ZONE,,178.690000,179.035939,0.203351,0.144254,True,1
2/3/2026 3:00:00 AM,2/2/2026 10:00:00 PM,1,PJM-RTO,,,ZONE,,159.250000,159.609211,0.228748,0.127130,True,1
2/3/2026 4:00:00 AM,2/2/2026 11:00:00 PM,1,PJM-RTO,,,ZONE,,128.630000,128.897390,0.164028,0.108362,True,1
2/3/2026 5:00:00 AM,2/3/2026 12:00:00 AM,1,PJM-RTO,,,ZONE,,114.750000,115.055229,0.207167,0.098895,True,1
2/3/2026 6:00:00 AM,2/3/2026 1:00:00 AM,1,PJM-RTO,,,ZONE,,107.390000,107.662713,0.176688,0.093525,True,1
2/3/2026 7:00:00 AM,2/3/2026 2:00:00 AM,1,PJM-RTO,,,ZONE,,109.120000,109.457270,0.241539,0.094064,True,1
2/3/2026 8:00:00 AM,2/3/2026 3:00:00 AM,1,PJM-RTO,,,ZONE,,159.240000,159.673913,0.300975,0.133771,True,1
2/3/2026 9:00:00 AM,2/3/2026 4:00:00 AM,1,PJM-RTO,,,ZONE,,106.030000,106.333424,0.210336,0.091421,True,1
2/3/2026 10:00:00 AM,2/3/2026 5:00:00 AM,1,PJM-RTO,,,ZONE,,102.880000,103.179712,0.212543,0.086335,True,1
2/3/2026 11:00:00 AM,2/3/2026 6:00:00 AM,1,PJM-RTO,,,ZONE,,134.760000,135.194149,0.320794,0.111689,True,1
2/3/2026 12:00:00 PM,2/3/2026 7:00:00 AM,1,PJM-RTO,,,ZONE,,190.800000,191.228933,0.291960,0.141140,True,1
2/3/2026 1:00:00 PM,2/3/2026 8:00:00 AM,1,PJM-RTO,,,ZONE,,144.540000,145.024487,0.391621,0.092866,True,1
2/3/2026 2:00:00 PM,2/3/2026 9:00:00 AM,1,PJM-RTO,,,ZONE,,96.490000,96.812890,0.251776,0.068614,True,1
2/3/2026 3:00:00 PM,2/3/2026 10:00:00 AM,1,PJM-RTO,,,ZONE,,50.900000,51.076109,0.140543,0.037232,True,1
2/3/2026 4:00:00 PM,2/3/2026 11:00:00 AM,1,PJM-RTO,,,ZONE,,72.450000,72.507965,0.000000,0.053799,True,1
2/3/2026 5:00:00 PM,2/3/2026 12:00:00 PM,1,PJM-RTO,,,ZONE,,46.360000,46.392652,0.000000,0.032652,True,1
2/3/2026 6:00:00 PM,2/3/2026 1:00:00 PM,1,PJM-RTO,,,ZONE,,46.130000,46.161445,0.000000,0.033945,True,1
2/3/2026 7:00:00 PM,2/3/2026 2:00:00 PM,1,PJM-RTO,,,ZONE,,61.460000,61.605769,0.106533,0.041737,True,1
2/3/2026 8:00:00 PM,2/3/2026 3:00:00 PM,1,PJM-RTO,,,ZONE,,93.990000,94.244185,0.184598,0.068754,True,1
2/3/2026 9:00:00 PM,2/3/2026 4:00:00 PM,1,PJM-RTO,,,ZONE,,114.310000,114.454007,0.061695,0.087312,True,1
2/3/2026 10:00:00 PM,2/3/2026 5:00:00 PM,1,PJM-RTO,,,ZONE,,110.320000,110.506246,0.099810,0.083103,True,1
2/3/2026 11:00:00 PM,2/3/2026 6:00:00 PM,1,PJM-RTO,,,ZONE,,140.410000,140.563815,0.056780,0.096202,True,1
2/4/2026 12:00:00 AM,2/3/2026 7:00:00 PM,1,PJM-RTO,,,ZONE,,86.530000,86.651186,0.062511,0.062009,True,1
2/4/2026 1:00:00 AM,2/3/2026 8:00:00 PM,1,PJM-RTO,,,ZONE,,140.380000,140.673013,0.192058,0.105122,True,1
2/4/2026 2:00:00 AM,2/3/2026 9:00:00 PM,1,PJM-RTO,,,ZONE,,123.400000,123.553003,0.069695,0.087474,True,1
2/4/2026 3:00:00 AM,2/3/2026 10:00:00 PM,1,PJM-RTO,,,ZONE,,58.620000,58.711988,0.043447,0.044374,True,1
2/4/2026 4:00:00 AM,2/3/2026 11:00:00 PM,1,PJM-RTO,,,ZONE,,50.770000,50.818693,0.009555,0.037471,True,1
2/4/2026 5:00:00 AM,2/4/2026 12:00:00 AM,1,PJM-RTO,,,ZONE,,48.610000,48.648499,0.005328,0.035671,True,1
2/4/2026 6:00:00 AM,2/4/2026 1:00:00 AM,1,PJM-RTO,,,ZONE,,41.020000,41.055203,0.005726,0.031144,True,1
2/4/2026 7:00:00 AM,2/4/2026 2:00:00 AM,1,PJM-RTO,,,ZONE,,69.950000,70.014913,0.019072,0.048341,True,1
2/4/2026 8:00:00 AM,2/4/2026 3:00:00 AM,1,PJM-RTO,,,ZONE,,75.490000,75.562758,0.017286,0.052139,True,1
2/4/2026 9:00:00 AM,2/4/2026 4:00:00 AM,1,PJM-RTO,,,ZONE,,54.870000,54.922032,0.012402,0.037963,True,1
2/4/2026 10:00:00 AM,2/4/2026 5:00:00 AM,1,PJM-RTO,,,ZONE,,71.480000,71.552396,0.026393,0.049336,True,1
2/4/2026 11:00:00 AM,2/4/2026 6:00:00 AM,1,PJM-RTO,,,ZONE,,69.390000,69.468101,0.027344,0.048257,True,1
2/4/2026 12:00:00 PM,2/4/2026 7:00:00 AM,1,PJM-RTO,,,ZONE,,88.410000,88.509985,0.039643,0.059509,True,1
2/4/2026 1:00:00 PM,2/4/2026 8:00:00 AM,1,PJM-RTO,,,ZONE,,74.560000,74.619476,0.013961,0.044681,True,1
2/4/2026 2:00:00 PM,2/4/2026 9:00:00 AM,1,PJM-RTO,,,ZONE,,50.500000,50.538094,0.013125,0.029136,True,1
2/4/2026 3:00:00 PM,2/4/2026 10:00:00 AM,1,PJM-RTO,,,ZONE,,43.750000,43.778888,0.000000,0.026388,True,1
2/4/2026 4:00:00 PM,2/4/2026 11:00:00 AM,1,PJM-RTO,,,ZONE,,38.260000,38.278304,0.000761,0.022543,True,1
2/4/2026 5:00:00 PM,2/4/2026 12:00:00 PM,1,PJM-RTO,,,ZONE,,37.660000,37.692996,0.003773,0.025056,True,1
2/4/2026 6:00:00 PM,2/4/2026 1:00:00 PM,1,PJM-RTO,,,ZONE,,41.620000,41.649406,0.004971,0.025268,True,1
2/4/2026 7:00:00 PM,2/4/2026 2:00:00 PM,1,PJM-RTO,,,ZONE,,45.630000,45.662846,0.004292,0.031054,True,1
2/4/2026 8:00:00 PM,2/4/2026 3:00:00 PM,1,PJM-RTO,,,ZONE,,44.850000,44.882063,0.002280,0.029784,True,1
2/4/2026 9:00:00 PM,2/4/2026 4:00:00 PM,1,PJM-RTO,,,ZONE,,53.230000,53.299781,0.038627,0.036155,True,1
2/4/2026 10:00:00 PM,2/4/2026 5:00:00 PM,1,PJM-RTO,,,ZONE,,159.360000,159.515180,0.038971,0.112876,True,1
2/4/2026 11:00:00 PM,2/4/2026 6:00:00 PM,1,PJM-RTO,,,ZONE,,126.250000,126.357263,0.033712,0.078551,True,1
2/5/2026 12:00:00 AM,2/4/2026 7:00:00 PM,1,PJM-RTO,,,ZONE,,94.040000,94.123022,0.019070,0.062285,True,1
2/5/2026 1:00:00 AM,2/4/2026 8:00:00 PM,1,PJM-RTO,,,ZONE,,127.560000,127.670433,0.025612,0.085654,True,1
2/5/2026 2:00:00 AM,2/4/2026 9:00:00 PM,1,PJM-RTO,,,ZONE,,193.510000,193.695207,0.056213,0.130661,True,1
2/5/2026 3:00:00 AM,2/4/2026 10:00:00 PM,1,PJM-RTO,,,ZONE,,213.540000,213.722879,0.037126,0.141587,True,1
2/5/2026 4:00:00 AM,2/4/2026 11:00:00 PM,1,PJM-RTO,,,ZONE,,88.000000,88.088010,0.023397,0.066280,True,1
2/5/2026 5:00:00 AM,2/5/2026 12:00:00 AM,1,PJM-RTO,,,ZONE,,152.250000,152.389001,0.023466,0.114702,True,1
2/5/2026 6:00:00 AM,2/5/2026 1:00:00 AM,1,PJM-RTO,,,ZONE,,163.530000,163.899577,0.241765,0.125312,True,1
2/5/2026 7:00:00 AM,2/5/2026 2:00:00 AM,1,PJM-RTO,,,ZONE,,133.420000,133.674997,0.148752,0.104579,True,1
2/5/2026 8:00:00 AM,2/5/2026 3:00:00 AM,1,PJM-RTO,,,ZONE,,165.630000,166.031476,0.273438,0.133037,True,1
2/5/2026 9:00:00 AM,2/5/2026 4:00:00 AM,1,PJM-RTO,,,ZONE,,124.840000,125.239922,0.287619,0.115637,True,1
2/5/2026 10:00:00 AM,2/5/2026 5:00:00 AM,1,PJM-RTO,,,ZONE,,131.080000,131.451838,0.276037,0.094134,True,1
2/5/2026 11:00:00 AM,2/5/2026 6:00:00 AM,1,PJM-RTO,,,ZONE,,182.790000,183.281159,0.357742,0.136750,True,1
2/5/2026 12:00:00 PM,2/5/2026 7:00:00 AM,1,PJM-RTO,,,ZONE,,249.770000,250.291825,0.327987,0.191339,True,1
2/5/2026 1:00:00 PM,2/5/2026 8:00:00 AM,1,PJM-RTO,,,ZONE,,114.340000,114.440858,0.027023,0.070502,True,1
2/5/2026 2:00:00 PM,2/5/2026 9:00:00 AM,1,PJM-RTO,,,ZONE,,60.600000,60.658353,0.015224,0.038963,True,1
2/5/2026 3:00:00 PM,2/5/2026 10:00:00 AM,1,PJM-RTO,,,ZONE,,129.650000,129.821681,0.082059,0.092121,True,1
2/5/2026 4:00:00 PM,2/5/2026 11:00:00 AM,1,PJM-RTO,,,ZONE,,86.710000,86.787017,0.011098,0.064253,True,1
2/5/2026 5:00:00 PM,2/5/2026 12:00:00 PM,1,PJM-RTO,,,ZONE,,68.610000,68.694804,0.034105,0.052365,True,1
2/5/2026 6:00:00 PM,2/5/2026 1:00:00 PM,1,PJM-RTO,,,ZONE,,70.650000,70.699497,-0.003744,0.052408,True,1
2/5/2026 7:00:00 PM,2/5/2026 2:00:00 PM,1,PJM-RTO,,,ZONE,,69.450000,69.565386,0.064387,0.048499,True,1
2/5/2026 8:00:00 PM,2/5/2026 3:00:00 PM,1,PJM-RTO,,,ZONE,,69.070000,69.183353,0.065493,0.049527,True,1
2/5/2026 9:00:00 PM,2/5/2026 4:00:00 PM,1,PJM-RTO,,,ZONE,,73.330000,73.533713,0.140007,0.059539,True,1
2/5/2026 10:00:00 PM,2/5/2026 5:00:00 PM,1,PJM-RTO,,,ZONE,,95.920000,95.929072,-0.045162,0.058400,True,1
2/5/2026 11:00:00 PM,2/5/2026 6:00:00 PM,1,PJM-RTO,,,ZONE,,124.050000,124.257868,0.119225,0.091976,True,1
2/6/2026 12:00:00 AM,2/5/2026 7:00:00 PM,1,PJM-RTO,,,ZONE,,124.530000,124.862494,0.224791,0.103537,True,1
2/6/2026 1:00:00 AM,2/5/2026 8:00:00 PM,1,PJM-RTO,,,ZONE,,178.600000,179.088178,0.352742,0.140436,True,1
2/6/2026 2:00:00 AM,2/5/2026 9:00:00 PM,1,PJM-RTO,,,ZONE,,213.410000,213.908720,0.331681,0.165372,True,1
2/6/2026 3:00:00 AM,2/5/2026 10:00:00 PM,1,PJM-RTO,,,ZONE,,192.670000,193.198117,0.383407,0.143044,True,1
2/6/2026 4:00:00 AM,2/5/2026 11:00:00 PM,1,PJM-RTO,,,ZONE,,245.080000,245.529770,0.259087,0.190683,True,1
2/6/2026 5:00:00 AM,2/6/2026 12:00:00 AM,1,PJM-RTO,,,ZONE,,136.570000,136.952304,0.275105,0.106366,True,1
2/6/2026 6:00:00 AM,2/6/2026 1:00:00 AM,1,PJM-RTO,,,ZONE,,139.360000,139.738198,0.272545,0.108153,True,1
2/6/2026 7:00:00 AM,2/6/2026 2:00:00 AM,1,PJM-RTO,,,ZONE,,148.750000,149.179712,0.316715,0.112998,True,1
2/6/2026 8:00:00 AM,2/6/2026 3:00:00 AM,1,PJM-RTO,,,ZONE,,174.920000,175.525587,0.466898,0.137022,True,1
2/6/2026 9:00:00 AM,2/6/2026 4:00:00 AM,1,PJM-RTO,,,ZONE,,111.880000,112.231406,0.270688,0.083218,True,1
2/6/2026 10:00:00 AM,2/6/2026 5:00:00 AM,1,PJM-RTO,,,ZONE,,148.370000,148.810611,0.330017,0.113094,True,1
2/6/2026 11:00:00 AM,2/6/2026 6:00:00 AM,1,PJM-RTO,,,ZONE,,235.790000,236.458010,0.484800,0.179043,True,1
2/6/2026 12:00:00 PM,2/6/2026 7:00:00 AM,1,PJM-RTO,,,ZONE,,395.980000,396.511447,0.271814,0.263799,True,1
2/6/2026 1:00:00 PM,2/6/2026 8:00:00 AM,1,PJM-RTO,,,ZONE,,141.020000,141.281657,0.176241,0.087916,True,1
2/6/2026 2:00:00 PM,2/6/2026 9:00:00 AM,1,PJM-RTO,,,ZONE,,167.330000,167.511405,0.069414,0.111159,True,1
2/6/2026 3:00:00 PM,2/6/2026 10:00:00 AM,1,PJM-RTO,,,ZONE,,99.700000,99.979906,0.208338,0.069068,True,1
2/6/2026 4:00:00 PM,2/6/2026 11:00:00 AM,1,PJM-RTO,,,ZONE,,125.860000,125.788582,-0.162644,0.092893,True,1
2/6/2026 5:00:00 PM,2/6/2026 12:00:00 PM,1,PJM-RTO,,,ZONE,,84.910000,85.050935,0.074859,0.063577,True,1
2/6/2026 6:00:00 PM,2/6/2026 1:00:00 PM,1,PJM-RTO,,,ZONE,,69.640000,69.707391,0.013194,0.051697,True,1
2/6/2026 7:00:00 PM,2/6/2026 2:00:00 PM,1,PJM-RTO,,,ZONE,,108.040000,108.312915,0.192699,0.084383,True,1
2/6/2026 8:00:00 PM,2/6/2026 3:00:00 PM,1,PJM-RTO,,,ZONE,,90.620000,90.794310,0.104683,0.070461,True,1
2/6/2026 9:00:00 PM,2/6/2026 4:00:00 PM,1,PJM-RTO,,,ZONE,,113.190000,113.346150,0.067949,0.085701,True,1
2/6/2026 10:00:00 PM,2/6/2026 5:00:00 PM,1,PJM-RTO,,,ZONE,,107.860000,108.218522,0.281262,0.082261,True,1
2/6/2026 11:00:00 PM,2/6/2026 6:00:00 PM,1,PJM-RTO,,,ZONE,,253.200000,253.587534,0.208922,0.174446,True,1
2/7/2026 12:00:00 AM,2/6/2026 7:00:00 PM,1,PJM-RTO,,,ZONE,,69.860000,70.044266,0.135477,0.053789,True,1
2/7/2026 1:00:00 AM,2/6/2026 8:00:00 PM,1,PJM-RTO,,,ZONE,,94.540000,94.775105,0.151576,0.081029,True,1
2/7/2026 2:00:00 AM,2/6/2026 9:00:00 PM,1,PJM-RTO,,,ZONE,,187.360000,188.018401,0.503262,0.152640,True,1
2/7/2026 3:00:00 AM,2/6/2026 10:00:00 PM,1,PJM-RTO,,,ZONE,,55.070000,55.174700,0.054791,0.046575,True,1
2/7/2026 4:00:00 AM,2/6/2026 11:00:00 PM,1,PJM-RTO,,,ZONE,,51.600000,51.685291,0.041541,0.041250,True,1
2/7/2026 5:00:00 AM,2/7/2026 12:00:00 AM,1,PJM-RTO,,,ZONE,,47.780000,47.863423,0.043434,0.040822,True,1
2/7/2026 6:00:00 AM,2/7/2026 1:00:00 AM,1,PJM-RTO,,,ZONE,,45.850000,45.939746,0.052600,0.038812,True,1
2/7/2026 7:00:00 AM,2/7/2026 2:00:00 AM,1,PJM-RTO,,,ZONE,,44.100000,44.178523,0.044182,0.036007,True,1
2/7/2026 8:00:00 AM,2/7/2026 3:00:00 AM,1,PJM-RTO,,,ZONE,,45.310000,45.383135,0.030905,0.039730,True,1
2/7/2026 9:00:00 AM,2/7/2026 4:00:00 AM,1,PJM-RTO,,,ZONE,,48.580000,48.726741,0.106472,0.042769,True,1
2/7/2026 10:00:00 AM,2/7/2026 5:00:00 AM,1,PJM-RTO,,,ZONE,,50.600000,50.741194,0.097046,0.044148,True,1
2/7/2026 11:00:00 AM,2/7/2026 6:00:00 AM,1,PJM-RTO,,,ZONE,,104.940000,105.410446,0.384901,0.088879,True,1
2/7/2026 12:00:00 PM,2/7/2026 7:00:00 AM,1,PJM-RTO,,,ZONE,,109.110000,109.582165,0.380192,0.095306,True,1
2/7/2026 1:00:00 PM,2/7/2026 8:00:00 AM,1,PJM-RTO,,,ZONE,,103.820000,104.240698,0.331848,0.093850,True,1
2/7/2026 2:00:00 PM,2/7/2026 9:00:00 AM,1,PJM-RTO,,,ZONE,,48.610000,48.797606,0.142445,0.045160,True,1
2/7/2026 3:00:00 PM,2/7/2026 10:00:00 AM,1,PJM-RTO,,,ZONE,,130.190000,130.660611,0.346261,0.121016,True,1
2/7/2026 4:00:00 PM,2/7/2026 11:00:00 AM,1,PJM-RTO,,,ZONE,,89.990000,90.315935,0.237591,0.087510,True,1
2/7/2026 5:00:00 PM,2/7/2026 12:00:00 PM,1,PJM-RTO,,,ZONE,,73.850000,74.201906,0.282346,0.074560,True,1
2/7/2026 6:00:00 PM,2/7/2026 1:00:00 PM,1,PJM-RTO,,,ZONE,,62.650000,62.786782,0.077570,0.061711,True,1
2/7/2026 7:00:00 PM,2/7/2026 2:00:00 PM,1,PJM-RTO,,,ZONE,,71.670000,71.933253,0.193200,0.069220,True,1
2/7/2026 8:00:00 PM,2/7/2026 3:00:00 PM,1,PJM-RTO,,,ZONE,,71.900000,72.165198,0.186037,0.074995,True,1
2/7/2026 9:00:00 PM,2/7/2026 4:00:00 PM,1,PJM-RTO,,,ZONE,,137.470000,138.195507,0.586874,0.141133,True,1
2/7/2026 10:00:00 PM,2/7/2026 5:00:00 PM,1,PJM-RTO,,,ZONE,,365.150000,366.306279,0.815002,0.342943,True,1
2/7/2026 11:00:00 PM,2/7/2026 6:00:00 PM,1,PJM-RTO,,,ZONE,,385.150000,386.592174,1.108703,0.338472,True,1
2/8/2026 12:00:00 AM,2/7/2026 7:00:00 PM,1,PJM-RTO,,,ZONE,,234.300000,235.337383,0.835160,0.201390,True,1
2/8/2026 1:00:00 AM,2/7/2026 8:00:00 PM,1,PJM-RTO,,,ZONE,,262.610000,263.802620,0.974897,0.219390,True,1
2/8/2026 2:00:00 AM,2/7/2026 9:00:00 PM,1,PJM-RTO,,,ZONE,,268.990000,270.077841,0.855056,0.234452,True,1
2/8/2026 3:00:00 AM,2/7/2026 10:00:00 PM,1,PJM-RTO,,,ZONE,,223.640000,224.633984,0.797022,0.197795,True,1
2/8/2026 4:00:00 AM,2/7/2026 11:00:00 PM,1,PJM-RTO,,,ZONE,,217.740000,218.576360,0.644549,0.195145,True,1
2/8/2026 5:00:00 AM,2/8/2026 12:00:00 AM,1,PJM-RTO,,,ZONE,,207.160000,208.054198,0.690291,0.203074,True,1
2/8/2026 6:00:00 AM,2/8/2026 1:00:00 AM,1,PJM-RTO,,,ZONE,,190.970000,191.804585,0.662809,0.175943,True,1
2/8/2026 7:00:00 AM,2/8/2026 2:00:00 AM,1,PJM-RTO,,,ZONE,,202.830000,203.773606,0.753545,0.194228,True,1
2/8/2026 8:00:00 AM,2/8/2026 3:00:00 AM,1,PJM-RTO,,,ZONE,,167.040000,167.993380,0.789633,0.160414,True,1
2/8/2026 9:00:00 AM,2/8/2026 4:00:00 AM,1,PJM-RTO,,,ZONE,,134.540000,135.461184,0.795907,0.130277,True,1
2/8/2026 10:00:00 AM,2/8/2026 5:00:00 AM,1,PJM-RTO,,,ZONE,,180.790000,181.765945,0.807604,0.172508,True,1
2/8/2026 11:00:00 AM,2/8/2026 6:00:00 AM,1,PJM-RTO,,,ZONE,,239.330000,240.620332,1.059074,0.228758,True,1
2/8/2026 12:00:00 PM,2/8/2026 7:00:00 AM,1,PJM-RTO,,,ZONE,,207.150000,208.239841,0.897313,0.196694,True,1
2/8/2026 1:00:00 PM,2/8/2026 8:00:00 AM,1,PJM-RTO,,,ZONE,,176.490000,176.976636,0.335243,0.155560,True,1
2/8/2026 2:00:00 PM,2/8/2026 9:00:00 AM,1,PJM-RTO,,,ZONE,,135.350000,136.086656,0.608068,0.125255,True,1
2/8/2026 3:00:00 PM,2/8/2026 10:00:00 AM,1,PJM-RTO,,,ZONE,,163.830000,164.578982,0.600202,0.153780,True,1
2/8/2026 4:00:00 PM,2/8/2026 11:00:00 AM,1,PJM-RTO,,,ZONE,,203.900000,205.031754,0.933124,0.199463,True,1
2/8/2026 5:00:00 PM,2/8/2026 12:00:00 PM,1,PJM-RTO,,,ZONE,,185.630000,186.667385,0.861677,0.176541,True,1
2/8/2026 6:00:00 PM,2/8/2026 1:00:00 PM,1,PJM-RTO,,,ZONE,,112.850000,113.476058,0.521113,0.108279,True,1
2/8/2026 7:00:00 PM,2/8/2026 2:00:00 PM,1,PJM-RTO,,,ZONE,,72.050000,72.493347,0.377205,0.068641,True,1
2/8/2026 8:00:00 PM,2/8/2026 3:00:00 PM,1,PJM-RTO,,,ZONE,,80.130000,80.664780,0.457545,0.073069,True,1
2/8/2026 9:00:00 PM,2/8/2026 4:00:00 PM,1,PJM-RTO,,,ZONE,,160.520000,161.183445,0.520803,0.140142,True,1
2/8/2026 10:00:00 PM,2/8/2026 5:00:00 PM,1,PJM-RTO,,,ZONE,,381.800000,383.623871,1.468791,0.350913,True,1
2/8/2026 11:00:00 PM,2/8/2026 6:00:00 PM,1,PJM-RTO,,,ZONE,,219.870000,220.838057,0.795730,0.171494,True,1
2/9/2026 12:00:00 AM,2/8/2026 7:00:00 PM,1,PJM-RTO,,,ZONE,,156.280000,157.113943,0.699740,0.137536,True,1
2/9/2026 1:00:00 AM,2/8/2026 8:00:00 PM,1,PJM-RTO,,,ZONE,,157.280000,158.134528,0.716453,0.138908,True,1
2/9/2026 2:00:00 AM,2/8/2026 9:00:00 PM,1,PJM-RTO,,,ZONE,,225.080000,226.204142,0.922540,0.204936,True,1
2/9/2026 3:00:00 AM,2/8/2026 10:00:00 PM,1,PJM-RTO,,,ZONE,,186.030000,187.085044,0.887493,0.164217,True,1
2/9/2026 4:00:00 AM,2/8/2026 11:00:00 PM,1,PJM-RTO,,,ZONE,,278.440000,279.639631,0.942522,0.254610,True,1
2/9/2026 5:00:00 AM,2/9/2026 12:00:00 AM,1,PJM-RTO,,,ZONE,,294.140000,295.402862,0.984340,0.281022,True,1
2/9/2026 6:00:00 AM,2/9/2026 1:00:00 AM,1,PJM-RTO,,,ZONE,,324.150000,325.432351,0.982059,0.302792,True,1
2/9/2026 7:00:00 AM,2/9/2026 2:00:00 AM,1,PJM-RTO,,,ZONE,,138.820000,139.622073,0.677949,0.129124,True,1
2/9/2026 8:00:00 AM,2/9/2026 3:00:00 AM,1,PJM-RTO,,,ZONE,,144.100000,144.905375,0.679893,0.124648,True,1
2/9/2026 9:00:00 AM,2/9/2026 4:00:00 AM,1,PJM-RTO,,,ZONE,,174.950000,175.941283,0.833100,0.161517,True,1
2/9/2026 10:00:00 AM,2/9/2026 5:00:00 AM,1,PJM-RTO,,,ZONE,,271.780000,273.051315,1.028774,0.238374,True,1
2/9/2026 11:00:00 AM,2/9/2026 6:00:00 AM,1,PJM-RTO,,,ZONE,,723.770000,726.750035,2.317572,0.659962,True,1
2/9/2026 12:00:00 PM,2/9/2026 7:00:00 AM,1,PJM-RTO,,,ZONE,,1243.200000,1245.581928,1.447436,0.931992,True,1
2/9/2026 1:00:00 PM,2/9/2026 8:00:00 AM,1,PJM-RTO,,,ZONE,,232.120000,232.669634,0.380243,0.166058,True,1
2/9/2026 2:00:00 PM,2/9/2026 9:00:00 AM,1,PJM-RTO,,,ZONE,,210.400000,211.172937,0.605485,0.163285,True,1
2/9/2026 3:00:00 PM,2/9/2026 10:00:00 AM,1,PJM-RTO,,,ZONE,,181.130000,182.113226,0.831412,0.151814,True,1
2/9/2026 4:00:00 PM,2/9/2026 11:00:00 AM,1,PJM-RTO,,,ZONE,,137.600000,137.934267,0.219911,0.111855,True,1
2/9/2026 5:00:00 PM,2/9/2026 12:00:00 PM,1,PJM-RTO,,,ZONE,,109.780000,110.034542,0.158853,0.093189,True,1
2/9/2026 6:00:00 PM,2/9/2026 1:00:00 PM,1,PJM-RTO,,,ZONE,,96.330000,96.339005,-0.072875,0.081047,True,1
2/9/2026 7:00:00 PM,2/9/2026 2:00:00 PM,1,PJM-RTO,,,ZONE,,108.420000,108.435547,-0.075895,0.094775,True,1
2/9/2026 8:00:00 PM,2/9/2026 3:00:00 PM,1,PJM-RTO,,,ZONE,,127.370000,127.902263,0.424598,0.103498,True,1
2/9/2026 9:00:00 PM,2/9/2026 4:00:00 PM,1,PJM-RTO,,,ZONE,,95.160000,95.382051,0.141487,0.078897,True,1
2/9/2026 10:00:00 PM,2/9/2026 5:00:00 PM,1,PJM-RTO,,,ZONE,,191.870000,192.461722,0.454481,0.136408,True,1
2/9/2026 11:00:00 PM,2/9/2026 6:00:00 PM,1,PJM-RTO,,,ZONE,,137.240000,137.662947,0.316541,0.109740,True,1
2/10/2026 12:00:00 AM,2/9/2026 7:00:00 PM,1,PJM-RTO,,,ZONE,,155.870000,156.645881,0.649395,0.128153,True,1
2/10/2026 1:00:00 AM,2/9/2026 8:00:00 PM,1,PJM-RTO,,,ZONE,,142.020000,142.575804,0.435209,0.122262,True,1
2/10/2026 2:00:00 AM,2/9/2026 9:00:00 PM,1,PJM-RTO,,,ZONE,,155.390000,155.776408,0.253375,0.134700,True,1
2/10/2026 3:00:00 AM,2/9/2026 10:00:00 PM,1,PJM-RTO,,,ZONE,,115.870000,116.257858,0.289072,0.103786,True,1
2/10/2026 4:00:00 AM,2/9/2026 11:00:00 PM,1,PJM-RTO,,,ZONE,,95.950000,96.198195,0.165416,0.087780,True,1
2/10/2026 5:00:00 AM,2/10/2026 12:00:00 AM,1,PJM-RTO,,,ZONE,,157.040000,157.452038,0.269278,0.138593,True,1
2/10/2026 6:00:00 AM,2/10/2026 1:00:00 AM,1,PJM-RTO,,,ZONE,,71.000000,71.183185,0.122176,0.065175,True,1
2/10/2026 7:00:00 AM,2/10/2026 2:00:00 AM,1,PJM-RTO,,,ZONE,,74.270000,74.449881,0.115075,0.060640,True,1
2/10/2026 8:00:00 AM,2/10/2026 3:00:00 AM,1,PJM-RTO,,,ZONE,,67.780000,67.920858,0.091308,0.054550,True,1
2/10/2026 9:00:00 AM,2/10/2026 4:00:00 AM,1,PJM-RTO,,,ZONE,,68.570000,68.745086,0.122382,0.055204,True,1
2/10/2026 10:00:00 AM,2/10/2026 5:00:00 AM,1,PJM-RTO,,,ZONE,,59.420000,59.589823,0.120910,0.048913,True,1
2/10/2026 11:00:00 AM,2/10/2026 6:00:00 AM,1,PJM-RTO,,,ZONE,,101.000000,101.548063,0.467405,0.077324,True,1
2/10/2026 12:00:00 PM,2/10/2026 7:00:00 AM,1,PJM-RTO,,,ZONE,,142.540000,143.292182,0.647427,0.102255,True,1
2/10/2026 1:00:00 PM,2/10/2026 8:00:00 AM,1,PJM-RTO,,,ZONE,,58.800000,58.990351,0.152323,0.041361,True,1
2/10/2026 2:00:00 PM,2/10/2026 9:00:00 AM,1,PJM-RTO,,,ZONE,,29.620000,29.679398,0.032631,0.023433,True,1
2/10/2026 3:00:00 PM,2/10/2026 10:00:00 AM,1,PJM-RTO,,,ZONE,,24.350000,24.398527,0.024849,0.019512,True,1
2/10/2026 4:00:00 PM,2/10/2026 11:00:00 AM,1,PJM-RTO,,,ZONE,,56.690000,56.733442,-0.005831,0.045940,True,1
2/10/2026 5:00:00 PM,2/10/2026 12:00:00 PM,1,PJM-RTO,,,ZONE,,23.290000,23.314881,0.005303,0.020411,True,1
2/10/2026 6:00:00 PM,2/10/2026 1:00:00 PM,1,PJM-RTO,,,ZONE,,24.780000,24.804134,0.009232,0.019068,True,1
2/10/2026 7:00:00 PM,2/10/2026 2:00:00 PM,1,PJM-RTO,,,ZONE,,22.010000,22.023953,-0.001681,0.018966,True,1
2/10/2026 8:00:00 PM,2/10/2026 3:00:00 PM,1,PJM-RTO,,,ZONE,,22.550000,22.573538,0.005773,0.020265,True,1
2/10/2026 9:00:00 PM,2/10/2026 4:00:00 PM,1,PJM-RTO,,,ZONE,,33.520000,33.570452,0.027473,0.025479,True,1
2/10/2026 10:00:00 PM,2/10/2026 5:00:00 PM,1,PJM-RTO,,,ZONE,,64.260000,64.371925,0.060613,0.047979,True,1
2/10/2026 11:00:00 PM,2/10/2026 6:00:00 PM,1,PJM-RTO,,,ZONE,,78.220000,78.343065,0.064125,0.061440,True,1
2/11/2026 12:00:00 AM,2/10/2026 7:00:00 PM,1,PJM-RTO,,,ZONE,,60.150000,60.304987,0.103605,0.049716,True,1
2/11/2026 1:00:00 AM,2/10/2026 8:00:00 PM,1,PJM-RTO,,,ZONE,,51.280000,51.399622,0.083057,0.039065,True,1
2/11/2026 2:00:00 AM,2/10/2026 9:00:00 PM,1,PJM-RTO,,,ZONE,,34.400000,34.452171,0.023896,0.027442,True,1
2/11/2026 3:00:00 AM,2/10/2026 10:00:00 PM,1,PJM-RTO,,,ZONE,,35.100000,35.159894,0.029483,0.027077,True,1
2/11/2026 4:00:00 AM,2/10/2026 11:00:00 PM,1,PJM-RTO,,,ZONE,,32.420000,32.468414,0.025183,0.024064,True,1
2/11/2026 5:00:00 AM,2/11/2026 12:00:00 AM,1,PJM-RTO,,,ZONE,,39.300000,39.354632,0.020996,0.030302,True,1
2/11/2026 6:00:00 AM,2/11/2026 1:00:00 AM,1,PJM-RTO,,,ZONE,,32.550000,32.577999,0.007988,0.024177,True,1
2/11/2026 7:00:00 AM,2/11/2026 2:00:00 AM,1,PJM-RTO,,,ZONE,,33.020000,33.046939,0.005515,0.024758,True,1
2/11/2026 8:00:00 AM,2/11/2026 3:00:00 AM,1,PJM-RTO,,,ZONE,,30.960000,30.986021,0.007291,0.023731,True,1
2/11/2026 9:00:00 AM,2/11/2026 4:00:00 AM,1,PJM-RTO,,,ZONE,,36.450000,36.486690,0.011679,0.027511,True,1
2/11/2026 10:00:00 AM,2/11/2026 5:00:00 AM,1,PJM-RTO,,,ZONE,,41.390000,41.434398,0.013482,0.031750,True,1
2/11/2026 11:00:00 AM,2/11/2026 6:00:00 AM,1,PJM-RTO,,,ZONE,,48.530000,48.585471,0.018314,0.036323,True,1
2/11/2026 12:00:00 PM,2/11/2026 7:00:00 AM,1,PJM-RTO,,,ZONE,,52.810000,52.868277,0.024701,0.037742,True,1
2/11/2026 1:00:00 PM,2/11/2026 8:00:00 AM,1,PJM-RTO,,,ZONE,,51.290000,51.322761,0.001372,0.036389,True,1
2/11/2026 2:00:00 PM,2/11/2026 9:00:00 AM,1,PJM-RTO,,,ZONE,,35.770000,35.796251,0.000147,0.024437,True,1
2/11/2026 3:00:00 PM,2/11/2026 10:00:00 AM,1,PJM-RTO,,,ZONE,,30.080000,30.100686,0.000260,0.022926,True,1
2/11/2026 4:00:00 PM,2/11/2026 11:00:00 AM,1,PJM-RTO,,,ZONE,,30.170000,30.195558,0.000102,0.023789,True,1
2/11/2026 5:00:00 PM,2/11/2026 12:00:00 PM,1,PJM-RTO,,,ZONE,,29.240000,29.261406,-0.001510,0.022915,True,1
2/11/2026 6:00:00 PM,2/11/2026 1:00:00 PM,1,PJM-RTO,,,ZONE,,28.050000,28.025346,-0.049690,0.021703,True,1
2/11/2026 7:00:00 PM,2/11/2026 2:00:00 PM,1,PJM-RTO,,,ZONE,,26.390000,26.399543,-0.006999,0.019042,True,1
2/11/2026 8:00:00 PM,2/11/2026 3:00:00 PM,1,PJM-RTO,,,ZONE,,30.450000,30.464323,-0.003865,0.022355,True,1
2/11/2026 9:00:00 PM,2/11/2026 4:00:00 PM,1,PJM-RTO,,,ZONE,,33.740000,33.761220,0.000866,0.024521,True,1
2/11/2026 10:00:00 PM,2/11/2026 5:00:00 PM,1,PJM-RTO,,,ZONE,,143.260000,143.397227,0.029475,0.106085,True,1
2/11/2026 11:00:00 PM,2/11/2026 6:00:00 PM,1,PJM-RTO,,,ZONE,,65.280000,65.332749,0.011787,0.042628,True,1
2/12/2026 12:00:00 AM,2/11/2026 7:00:00 PM,1,PJM-RTO,,,ZONE,,44.420000,44.455759,0.005361,0.032065,True,1
2/12/2026 1:00:00 AM,2/11/2026 8:00:00 PM,1,PJM-RTO,,,ZONE,,53.650000,53.708549,0.018526,0.037524,True,1
2/12/2026 2:00:00 AM,2/11/2026 9:00:00 PM,1,PJM-RTO,,,ZONE,,44.040000,44.079335,0.010165,0.029170,True,1
2/12/2026 3:00:00 AM,2/11/2026 10:00:00 PM,1,PJM-RTO,,,ZONE,,43.790000,43.849205,0.025167,0.029871,True,1
2/12/2026 4:00:00 AM,2/11/2026 11:00:00 PM,1,PJM-RTO,,,ZONE,,45.730000,45.793785,0.029004,0.033115,True,1
2/12/2026 5:00:00 AM,2/12/2026 12:00:00 AM,1,PJM-RTO,,,ZONE,,35.690000,35.735742,0.015813,0.026595,True,1
2/12/2026 6:00:00 AM,2/12/2026 1:00:00 AM,1,PJM-RTO,,,ZONE,,33.790000,33.838286,0.027885,0.024567,True,1
2/12/2026 7:00:00 AM,2/12/2026 2:00:00 AM,1,PJM-RTO,,,ZONE,,35.910000,35.954034,0.023199,0.024169,True,1
2/12/2026 8:00:00 AM,2/12/2026 3:00:00 AM,1,PJM-RTO,,,ZONE,,36.590000,36.639459,0.021367,0.024759,True,1
2/12/2026 9:00:00 AM,2/12/2026 4:00:00 AM,1,PJM-RTO,,,ZONE,,47.920000,48.022479,0.065193,0.033952,True,1
2/12/2026 10:00:00 AM,2/12/2026 5:00:00 AM,1,PJM-RTO,,,ZONE,,50.160000,50.250495,0.057928,0.034235,True,1
2/12/2026 11:00:00 AM,2/12/2026 6:00:00 AM,1,PJM-RTO,,,ZONE,,103.890000,104.010243,0.054810,0.067933,True,1
2/12/2026 12:00:00 PM,2/12/2026 7:00:00 AM,1,PJM-RTO,,,ZONE,,124.480000,124.618414,0.059108,0.077639,True,1
2/12/2026 1:00:00 PM,2/12/2026 8:00:00 AM,1,PJM-RTO,,,ZONE,,40.560000,40.584828,0.001449,0.025880,True,1
2/12/2026 2:00:00 PM,2/12/2026 9:00:00 AM,1,PJM-RTO,,,ZONE,,34.440000,34.464719,0.000000,0.022219,True,1
2/12/2026 3:00:00 PM,2/12/2026 10:00:00 AM,1,PJM-RTO,,,ZONE,,38.320000,38.351732,0.001486,0.026912,True,1
2/12/2026 4:00:00 PM,2/12/2026 11:00:00 AM,1,PJM-RTO,,,ZONE,,37.470000,37.499316,0.006066,0.024917,True,1
2/12/2026 5:00:00 PM,2/12/2026 12:00:00 PM,1,PJM-RTO,,,ZONE,,34.420000,34.446799,0.006086,0.022379,True,1
2/12/2026 6:00:00 PM,2/12/2026 1:00:00 PM,1,PJM-RTO,,,ZONE,,31.280000,31.306844,0.004678,0.022999,True,1
2/12/2026 7:00:00 PM,2/12/2026 2:00:00 PM,1,PJM-RTO,,,ZONE,,30.540000,30.559486,0.003274,0.018712,True,1
2/12/2026 8:00:00 PM,2/12/2026 3:00:00 PM,1,PJM-RTO,,,ZONE,,35.360000,35.388519,0.009309,0.022544,True,1
2/12/2026 9:00:00 PM,2/12/2026 4:00:00 PM,1,PJM-RTO,,,ZONE,,39.710000,39.748760,0.016976,0.022617,True,1
2/12/2026 10:00:00 PM,2/12/2026 5:00:00 PM,1,PJM-RTO,,,ZONE,,51.870000,51.913347,0.012537,0.034144,True,1
2/12/2026 11:00:00 PM,2/12/2026 6:00:00 PM,1,PJM-RTO,,,ZONE,,72.790000,72.867911,0.026566,0.048012,True,1
2/13/2026 12:00:00 AM,2/12/2026 7:00:00 PM,1,PJM-RTO,,,ZONE,,60.470000,60.537458,0.028615,0.040510,True,1
2/13/2026 1:00:00 AM,2/12/2026 8:00:00 PM,1,PJM-RTO,,,ZONE,,50.670000,50.718803,0.013472,0.033664,True,1
2/13/2026 2:00:00 AM,2/12/2026 9:00:00 PM,1,PJM-RTO,,,ZONE,,51.150000,51.216685,0.030045,0.036640,True,1
2/13/2026 3:00:00 AM,2/12/2026 10:00:00 PM,1,PJM-RTO,,,ZONE,,48.790000,48.865038,0.039233,0.032472,True,1
2/13/2026 4:00:00 AM,2/12/2026 11:00:00 PM,1,PJM-RTO,,,ZONE,,53.160000,53.224918,0.031294,0.036957,True,1
2/13/2026 5:00:00 AM,2/13/2026 12:00:00 AM,1,PJM-RTO,,,ZONE,,39.310000,39.381414,0.043799,0.027615,True,1
2/13/2026 6:00:00 AM,2/13/2026 1:00:00 AM,1,PJM-RTO,,,ZONE,,77.150000,77.258094,0.060527,0.050901,True,1
2/13/2026 7:00:00 AM,2/13/2026 2:00:00 AM,1,PJM-RTO,,,ZONE,,101.530000,101.712251,0.115016,0.068902,True,1
2/13/2026 8:00:00 AM,2/13/2026 3:00:00 AM,1,PJM-RTO,,,ZONE,,47.230000,47.313469,0.049386,0.033250,True,1
2/13/2026 9:00:00 AM,2/13/2026 4:00:00 AM,1,PJM-RTO,,,ZONE,,33.220000,33.284145,0.035768,0.024211,True,1
2/13/2026 10:00:00 AM,2/13/2026 5:00:00 AM,1,PJM-RTO,,,ZONE,,45.550000,45.618715,0.036812,0.031903,True,1
2/13/2026 11:00:00 AM,2/13/2026 6:00:00 AM,1,PJM-RTO,,,ZONE,,102.860000,103.109793,0.180024,0.074769,True,1
2/13/2026 12:00:00 PM,2/13/2026 7:00:00 AM,1,PJM-RTO,,,ZONE,,236.390000,236.859503,0.322330,0.148006,True,1
2/13/2026 1:00:00 PM,2/13/2026 8:00:00 AM,1,PJM-RTO,,,ZONE,,34.310000,34.325434,-0.007805,0.021572,True,1
2/13/2026 2:00:00 PM,2/13/2026 9:00:00 AM,1,PJM-RTO,,,ZONE,,26.440000,26.458951,0.003436,0.018016,True,1
2/13/2026 3:00:00 PM,2/13/2026 10:00:00 AM,1,PJM-RTO,,,ZONE,,28.530000,28.566789,0.011757,0.020866,True,1
2/13/2026 4:00:00 PM,2/13/2026 11:00:00 AM,1,PJM-RTO,,,ZONE,,20.530000,20.539466,0.001553,0.012080,True,1
2/13/2026 5:00:00 PM,2/13/2026 12:00:00 PM,1,PJM-RTO,,,ZONE,,21.570000,21.587330,0.000000,0.013163,True,1
2/13/2026 6:00:00 PM,2/13/2026 1:00:00 PM,1,PJM-RTO,,,ZONE,,20.990000,21.001996,-0.002904,0.013233,True,1
2/13/2026 7:00:00 PM,2/13/2026 2:00:00 PM,1,PJM-RTO,,,ZONE,,20.970000,20.982349,0.000771,0.013245,True,1
2/13/2026 8:00:00 PM,2/13/2026 3:00:00 PM,1,PJM-RTO,,,ZONE,,21.140000,21.133879,-0.015021,0.012233,True,1
2/13/2026 9:00:00 PM,2/13/2026 4:00:00 PM,1,PJM-RTO,,,ZONE,,29.470000,29.478646,-0.013199,0.019345,True,1
2/13/2026 10:00:00 PM,2/13/2026 5:00:00 PM,1,PJM-RTO,,,ZONE,,69.190000,69.257227,0.025554,0.037505,True,1
2/13/2026 11:00:00 PM,2/13/2026 6:00:00 PM,1,PJM-RTO,,,ZONE,,46.330000,46.341582,-0.015696,0.028945,True,1
2/14/2026 12:00:00 AM,2/13/2026 7:00:00 PM,1,PJM-RTO,,,ZONE,,38.270000,38.289133,-0.001144,0.025277,True,1
2/14/2026 1:00:00 AM,2/13/2026 8:00:00 PM,1,PJM-RTO,,,ZONE,,32.170000,32.197376,0.000120,0.023090,True,1
2/14/2026 2:00:00 AM,2/13/2026 9:00:00 PM,1,PJM-RTO,,,ZONE,,33.460000,33.492626,0.013034,0.023759,True,1
2/14/2026 3:00:00 AM,2/13/2026 10:00:00 PM,1,PJM-RTO,,,ZONE,,31.810000,31.830066,0.001095,0.022305,True,1
2/14/2026 4:00:00 AM,2/13/2026 11:00:00 PM,1,PJM-RTO,,,ZONE,,34.250000,34.299067,0.029785,0.023448,True,1
2/14/2026 5:00:00 AM,2/14/2026 12:00:00 AM,1,PJM-RTO,,,ZONE,,36.450000,36.496256,0.019699,0.026557,True,1
2/14/2026 6:00:00 AM,2/14/2026 1:00:00 AM,1,PJM-RTO,,,ZONE,,51.860000,51.931015,0.040668,0.035347,True,1
2/14/2026 7:00:00 AM,2/14/2026 2:00:00 AM,1,PJM-RTO,,,ZONE,,44.240000,44.354309,0.078972,0.032003,True,1
2/14/2026 8:00:00 AM,2/14/2026 3:00:00 AM,1,PJM-RTO,,,ZONE,,39.030000,39.070912,0.018184,0.026895,True,1
2/14/2026 9:00:00 AM,2/14/2026 4:00:00 AM,1,PJM-RTO,,,ZONE,,32.810000,32.846931,0.009743,0.023855,True,1
2/14/2026 10:00:00 AM,2/14/2026 5:00:00 AM,1,PJM-RTO,,,ZONE,,32.320000,32.355565,0.013817,0.021748,True,1
2/14/2026 11:00:00 AM,2/14/2026 6:00:00 AM,1,PJM-RTO,,,ZONE,,41.010000,41.071483,0.031331,0.026818,True,1
2/14/2026 12:00:00 PM,2/14/2026 7:00:00 AM,1,PJM-RTO,,,ZONE,,55.890000,55.971358,0.043501,0.037857,True,1
2/14/2026 1:00:00 PM,2/14/2026 8:00:00 AM,1,PJM-RTO,,,ZONE,,31.790000,31.816015,0.004565,0.018950,True,1
2/14/2026 2:00:00 PM,2/14/2026 9:00:00 AM,1,PJM-RTO,,,ZONE,,32.200000,32.225766,0.006067,0.017200,True,1
2/14/2026 3:00:00 PM,2/14/2026 10:00:00 AM,1,PJM-RTO,,,ZONE,,26.480000,26.498615,0.001177,0.013271,True,1
2/14/2026 4:00:00 PM,2/14/2026 11:00:00 AM,1,PJM-RTO,,,ZONE,,25.510000,25.519040,0.001663,0.012377,True,1
2/14/2026 5:00:00 PM,2/14/2026 12:00:00 PM,1,PJM-RTO,,,ZONE,,23.410000,23.418805,0.001660,0.012144,True,1
2/14/2026 6:00:00 PM,2/14/2026 1:00:00 PM,1,PJM-RTO,,,ZONE,,21.860000,21.885035,0.011685,0.011683,True,1
2/14/2026 7:00:00 PM,2/14/2026 2:00:00 PM,1,PJM-RTO,,,ZONE,,22.400000,22.415215,0.000794,0.012754,True,1
2/14/2026 8:00:00 PM,2/14/2026 3:00:00 PM,1,PJM-RTO,,,ZONE,,26.470000,26.487182,0.001145,0.014371,True,1
2/14/2026 9:00:00 PM,2/14/2026 4:00:00 PM,1,PJM-RTO,,,ZONE,,30.740000,30.752781,-0.000014,0.016129,True,1
2/14/2026 10:00:00 PM,2/14/2026 5:00:00 PM,1,PJM-RTO,,,ZONE,,36.910000,36.927582,0.000000,0.022582,True,1
2/14/2026 11:00:00 PM,2/14/2026 6:00:00 PM,1,PJM-RTO,,,ZONE,,36.380000,36.400081,0.000000,0.020081,True,1
2/15/2026 12:00:00 AM,2/14/2026 7:00:00 PM,1,PJM-RTO,,,ZONE,,32.610000,32.626032,0.000000,0.018532,True,1
2/15/2026 1:00:00 AM,2/14/2026 8:00:00 PM,1,PJM-RTO,,,ZONE,,29.470000,29.481536,0.000000,0.015703,True,1
2/15/2026 2:00:00 AM,2/14/2026 9:00:00 PM,1,PJM-RTO,,,ZONE,,30.580000,30.594441,0.000000,0.018608,True,1
2/15/2026 3:00:00 AM,2/14/2026 10:00:00 PM,1,PJM-RTO,,,ZONE,,30.330000,30.344406,0.000000,0.018572,True,1
2/15/2026 4:00:00 AM,2/14/2026 11:00:00 PM,1,PJM-RTO,,,ZONE,,30.480000,30.502352,0.000000,0.018185,True,1
2/15/2026 5:00:00 AM,2/15/2026 12:00:00 AM,1,PJM-RTO,,,ZONE,,28.700000,28.721408,0.000000,0.018908,True,1
2/15/2026 6:00:00 AM,2/15/2026 1:00:00 AM,1,PJM-RTO,,,ZONE,,29.850000,29.864850,0.000700,0.019150,True,1
2/15/2026 7:00:00 AM,2/15/2026 2:00:00 AM,1,PJM-RTO,,,ZONE,,27.610000,27.634372,0.004017,0.018689,True,1
2/15/2026 8:00:00 AM,2/15/2026 3:00:00 AM,1,PJM-RTO,,,ZONE,,29.140000,29.161989,-0.000203,0.018859,True,1
2/15/2026 9:00:00 AM,2/15/2026 4:00:00 AM,1,PJM-RTO,,,ZONE,,30.170000,30.187319,0.000821,0.019831,True,1
2/15/2026 10:00:00 AM,2/15/2026 5:00:00 AM,1,PJM-RTO,,,ZONE,,28.390000,28.415519,0.002770,0.019416,True,1
2/15/2026 11:00:00 AM,2/15/2026 6:00:00 AM,1,PJM-RTO,,,ZONE,,28.330000,28.347921,0.001864,0.018557,True,1
2/15/2026 12:00:00 PM,2/15/2026 7:00:00 AM,1,PJM-RTO,,,ZONE,,54.350000,54.383565,0.003973,0.033758,True,1
2/15/2026 1:00:00 PM,2/15/2026 8:00:00 AM,1,PJM-RTO,,,ZONE,,40.100000,40.131964,0.000000,0.027798,True,1
2/15/2026 2:00:00 PM,2/15/2026 9:00:00 AM,1,PJM-RTO,,,ZONE,,32.610000,32.630621,0.000000,0.020621,True,1
2/15/2026 3:00:00 PM,2/15/2026 10:00:00 AM,1,PJM-RTO,,,ZONE,,28.730000,28.752652,0.003256,0.018563,True,1
2/15/2026 4:00:00 PM,2/15/2026 11:00:00 AM,1,PJM-RTO,,,ZONE,,28.610000,28.634128,0.001011,0.019783,True,1
2/15/2026 5:00:00 PM,2/15/2026 12:00:00 PM,1,PJM-RTO,,,ZONE,,28.860000,28.876594,0.000000,0.019094,True,1
2/15/2026 6:00:00 PM,2/15/2026 1:00:00 PM,1,PJM-RTO,,,ZONE,,29.270000,29.285302,0.000000,0.018635,True,1
2/15/2026 7:00:00 PM,2/15/2026 2:00:00 PM,1,PJM-RTO,,,ZONE,,32.880000,32.915844,0.008375,0.024136,True,1
2/15/2026 8:00:00 PM,2/15/2026 3:00:00 PM,1,PJM-RTO,,,ZONE,,32.540000,32.569849,0.003683,0.024500,True,1
2/15/2026 9:00:00 PM,2/15/2026 4:00:00 PM,1,PJM-RTO,,,ZONE,,32.750000,32.753078,-0.015111,0.023189,True,1
2/15/2026 10:00:00 PM,2/15/2026 5:00:00 PM,1,PJM-RTO,,,ZONE,,44.800000,44.840690,0.008970,0.033386,True,1
2/15/2026 11:00:00 PM,2/15/2026 6:00:00 PM,1,PJM-RTO,,,ZONE,,41.890000,41.904219,-0.007653,0.024372,True,1
2/16/2026 12:00:00 AM,2/15/2026 7:00:00 PM,1,PJM-RTO,,,ZONE,,43.140000,43.180564,0.010343,0.028553,True,1
2/16/2026 1:00:00 AM,2/15/2026 8:00:00 PM,1,PJM-RTO,,,ZONE,,39.700000,39.729787,0.008009,0.025111,True,1
2/16/2026 2:00:00 AM,2/15/2026 9:00:00 PM,1,PJM-RTO,,,ZONE,,35.170000,35.199218,0.005669,0.023550,True,1
2/16/2026 3:00:00 AM,2/15/2026 10:00:00 PM,1,PJM-RTO,,,ZONE,,44.370000,44.388007,-0.006898,0.029071,True,1
2/16/2026 4:00:00 AM,2/15/2026 11:00:00 PM,1,PJM-RTO,,,ZONE,,28.100000,28.116966,0.001314,0.018985,True,1
2/16/2026 5:00:00 AM,2/16/2026 12:00:00 AM,1,PJM-RTO,,,ZONE,,25.960000,25.985908,0.008523,0.016551,True,1
2/16/2026 6:00:00 AM,2/16/2026 1:00:00 AM,1,PJM-RTO,,,ZONE,,27.130000,27.153566,0.005302,0.017430,True,1
2/16/2026 7:00:00 AM,2/16/2026 2:00:00 AM,1,PJM-RTO,,,ZONE,,28.120000,28.128710,-0.004748,0.015958,True,1
2/16/2026 8:00:00 AM,2/16/2026 3:00:00 AM,1,PJM-RTO,,,ZONE,,28.720000,28.754217,0.015702,0.017681,True,1
2/16/2026 9:00:00 AM,2/16/2026 4:00:00 AM,1,PJM-RTO,,,ZONE,,39.350000,39.386501,0.012987,0.025180,True,1
2/16/2026 10:00:00 AM,2/16/2026 5:00:00 AM,1,PJM-RTO,,,ZONE,,33.670000,33.707829,0.017131,0.022364,True,1
2/16/2026 11:00:00 AM,2/16/2026 6:00:00 AM,1,PJM-RTO,,,ZONE,,30.280000,30.304796,0.002183,0.019280,True,1
2/16/2026 12:00:00 PM,2/16/2026 7:00:00 AM,1,PJM-RTO,,,ZONE,,109.550000,109.667272,0.047981,0.070958,True,1
2/16/2026 1:00:00 PM,2/16/2026 8:00:00 AM,1,PJM-RTO,,,ZONE,,39.180000,39.211363,0.009720,0.024976,True,1
2/16/2026 2:00:00 PM,2/16/2026 9:00:00 AM,1,PJM-RTO,,,ZONE,,112.640000,112.702338,-0.017457,0.082294,True,1
2/16/2026 3:00:00 PM,2/16/2026 10:00:00 AM,1,PJM-RTO,,,ZONE,,87.480000,87.491209,-0.053030,0.063406,True,1
2/16/2026 4:00:00 PM,2/16/2026 11:00:00 AM,1,PJM-RTO,,,ZONE,,31.590000,31.592588,-0.022718,0.022806,True,1
2/16/2026 5:00:00 PM,2/16/2026 12:00:00 PM,1,PJM-RTO,,,ZONE,,33.190000,33.197256,-0.009852,0.022108,True,1
2/16/2026 6:00:00 PM,2/16/2026 1:00:00 PM,1,PJM-RTO,,,ZONE,,35.940000,35.949616,-0.009247,0.023030,True,1
2/16/2026 7:00:00 PM,2/16/2026 2:00:00 PM,1,PJM-RTO,,,ZONE,,32.420000,32.420560,-0.025136,0.021529,True,1
2/16/2026 8:00:00 PM,2/16/2026 3:00:00 PM,1,PJM-RTO,,,ZONE,,31.390000,31.394442,-0.022228,0.024170,True,1
2/16/2026 9:00:00 PM,2/16/2026 4:00:00 PM,1,PJM-RTO,,,ZONE,,32.270000,32.275829,-0.015467,0.023796,True,1
2/16/2026 10:00:00 PM,2/16/2026 5:00:00 PM,1,PJM-RTO,,,ZONE,,71.720000,71.757424,-0.008046,0.044636,True,1
2/16/2026 11:00:00 PM,2/16/2026 6:00:00 PM,1,PJM-RTO,,,ZONE,,56.240000,56.263643,-0.013121,0.040930,True,1
2/17/2026 12:00:00 AM,2/16/2026 7:00:00 PM,1,PJM-RTO,,,ZONE,,54.230000,54.235077,-0.027601,0.037679,True,1
2/17/2026 1:00:00 AM,2/16/2026 8:00:00 PM,1,PJM-RTO,,,ZONE,,39.790000,39.768499,-0.046880,0.029545,True,1
2/17/2026 2:00:00 AM,2/16/2026 9:00:00 PM,1,PJM-RTO,,,ZONE,,65.410000,65.485544,0.033118,0.045760,True,1
2/17/2026 3:00:00 AM,2/16/2026 10:00:00 PM,1,PJM-RTO,,,ZONE,,41.870000,41.871502,-0.027537,0.029872,True,1
2/17/2026 4:00:00 AM,2/16/2026 11:00:00 PM,1,PJM-RTO,,,ZONE,,31.140000,31.155582,-0.002635,0.021550,True,1
2/17/2026 5:00:00 AM,2/17/2026 12:00:00 AM,1,PJM-RTO,,,ZONE,,27.730000,27.744897,-0.001443,0.019673,True,1
2/17/2026 6:00:00 AM,2/17/2026 1:00:00 AM,1,PJM-RTO,,,ZONE,,27.110000,27.127559,0.004233,0.016659,True,1
2/17/2026 7:00:00 AM,2/17/2026 2:00:00 AM,1,PJM-RTO,,,ZONE,,29.530000,29.556329,0.002794,0.021036,True,1
2/17/2026 8:00:00 AM,2/17/2026 3:00:00 AM,1,PJM-RTO,,,ZONE,,33.640000,33.666139,0.002418,0.021221,True,1
2/17/2026 9:00:00 AM,2/17/2026 4:00:00 AM,1,PJM-RTO,,,ZONE,,27.910000,27.927907,0.002431,0.019643,True,1
2/17/2026 10:00:00 AM,2/17/2026 5:00:00 AM,1,PJM-RTO,,,ZONE,,30.150000,30.178191,0.004727,0.020131,True,1
2/17/2026 11:00:00 AM,2/17/2026 6:00:00 AM,1,PJM-RTO,,,ZONE,,72.930000,73.147178,0.166752,0.052093,True,1
2/17/2026 12:00:00 PM,2/17/2026 7:00:00 AM,1,PJM-RTO,,,ZONE,,61.570000,61.635553,0.029604,0.040949,True,1
2/17/2026 1:00:00 PM,2/17/2026 8:00:00 AM,1,PJM-RTO,,,ZONE,,70.420000,70.606291,0.136991,0.047634,True,1
2/17/2026 2:00:00 PM,2/17/2026 9:00:00 AM,1,PJM-RTO,,,ZONE,,68.200000,68.228054,-0.023393,0.048113,True,1
2/17/2026 3:00:00 PM,2/17/2026 10:00:00 AM,1,PJM-RTO,,,ZONE,,45.810000,45.835577,0.000362,0.029382,True,1
2/17/2026 4:00:00 PM,2/17/2026 11:00:00 AM,1,PJM-RTO,,,ZONE,,27.390000,27.410690,-0.002016,0.018539,True,1
2/17/2026 5:00:00 PM,2/17/2026 12:00:00 PM,1,PJM-RTO,,,ZONE,,25.390000,25.446571,0.044414,0.016324,True,1
2/17/2026 6:00:00 PM,2/17/2026 1:00:00 PM,1,PJM-RTO,,,ZONE,,25.800000,25.827466,0.010579,0.013553,True,1
2/17/2026 7:00:00 PM,2/17/2026 2:00:00 PM,1,PJM-RTO,,,ZONE,,20.620000,20.630861,0.005373,0.010487,True,1
2/17/2026 8:00:00 PM,2/17/2026 3:00:00 PM,1,PJM-RTO,,,ZONE,,31.060000,31.093567,0.017595,0.016805,True,1
2/17/2026 9:00:00 PM,2/17/2026 4:00:00 PM,1,PJM-RTO,,,ZONE,,28.410000,28.444344,0.012843,0.017334,True,1
2/17/2026 10:00:00 PM,2/17/2026 5:00:00 PM,1,PJM-RTO,,,ZONE,,32.920000,32.966627,0.026872,0.021422,True,1
2/17/2026 11:00:00 PM,2/17/2026 6:00:00 PM,1,PJM-RTO,,,ZONE,,80.030000,80.116770,0.033894,0.052876,True,1
2/18/2026 12:00:00 AM,2/17/2026 7:00:00 PM,1,PJM-RTO,,,ZONE,,77.740000,77.814747,0.028751,0.049329,True,1
2/18/2026 1:00:00 AM,2/17/2026 8:00:00 PM,1,PJM-RTO,,,ZONE,,53.290000,53.360978,0.033071,0.037907,True,1
2/18/2026 2:00:00 AM,2/17/2026 9:00:00 PM,1,PJM-RTO,,,ZONE,,38.170000,38.201996,0.005584,0.025578,True,1
2/18/2026 3:00:00 AM,2/17/2026 10:00:00 PM,1,PJM-RTO,,,ZONE,,33.570000,33.573288,-0.020908,0.025029,True,1
2/18/2026 4:00:00 AM,2/17/2026 11:00:00 PM,1,PJM-RTO,,,ZONE,,30.150000,30.180826,0.010329,0.022164,True,1
2/18/2026 5:00:00 AM,2/18/2026 12:00:00 AM,1,PJM-RTO,,,ZONE,,25.100000,25.124204,0.010106,0.016598,True,1
2/18/2026 6:00:00 AM,2/18/2026 1:00:00 AM,1,PJM-RTO,,,ZONE,,25.050000,25.068342,0.004971,0.015871,True,1
2/18/2026 7:00:00 AM,2/18/2026 2:00:00 AM,1,PJM-RTO,,,ZONE,,25.790000,25.810965,0.007352,0.016947,True,1
2/18/2026 8:00:00 AM,2/18/2026 3:00:00 AM,1,PJM-RTO,,,ZONE,,23.470000,23.500464,0.012081,0.014216,True,1
2/18/2026 9:00:00 AM,2/18/2026 4:00:00 AM,1,PJM-RTO,,,ZONE,,25.150000,25.181365,0.009648,0.017550,True,1
2/18/2026 10:00:00 AM,2/18/2026 5:00:00 AM,1,PJM-RTO,,,ZONE,,27.120000,27.144724,0.003134,0.018256,True,1
2/18/2026 11:00:00 AM,2/18/2026 6:00:00 AM,1,PJM-RTO,,,ZONE,,38.310000,38.346110,0.009205,0.024405,True,1
2/18/2026 12:00:00 PM,2/18/2026 7:00:00 AM,1,PJM-RTO,,,ZONE,,51.980000,52.042884,0.024270,0.036114,True,1
2/18/2026 1:00:00 PM,2/18/2026 8:00:00 AM,1,PJM-RTO,,,ZONE,,38.270000,38.301684,0.005413,0.026272,True,1
2/18/2026 2:00:00 PM,2/18/2026 9:00:00 AM,1,PJM-RTO,,,ZONE,,32.560000,32.588857,0.003777,0.020914,True,1
2/18/2026 3:00:00 PM,2/18/2026 10:00:00 AM,1,PJM-RTO,,,ZONE,,85.870000,85.988472,0.055927,0.061712,True,1
2/18/2026 4:00:00 PM,2/18/2026 11:00:00 AM,1,PJM-RTO,,,ZONE,,26.220000,26.232449,-0.005435,0.015384,True,1
2/18/2026 5:00:00 PM,2/18/2026 12:00:00 PM,1,PJM-RTO,,,ZONE,,24.680000,24.692469,-0.004337,0.015972,True,1
2/18/2026 6:00:00 PM,2/18/2026 1:00:00 PM,1,PJM-RTO,,,ZONE,,25.830000,25.843859,0.000620,0.016572,True,1
2/18/2026 7:00:00 PM,2/18/2026 2:00:00 PM,1,PJM-RTO,,,ZONE,,24.910000,24.914795,-0.004133,0.013928,True,1
2/18/2026 8:00:00 PM,2/18/2026 3:00:00 PM,1,PJM-RTO,,,ZONE,,27.150000,27.157153,-0.006889,0.015709,True,1
2/18/2026 9:00:00 PM,2/18/2026 4:00:00 PM,1,PJM-RTO,,,ZONE,,26.270000,26.277079,-0.008669,0.016581,True,1
2/18/2026 10:00:00 PM,2/18/2026 5:00:00 PM,1,PJM-RTO,,,ZONE,,37.440000,37.478012,0.015083,0.024595,True,1
2/18/2026 11:00:00 PM,2/18/2026 6:00:00 PM,1,PJM-RTO,,,ZONE,,46.470000,46.506307,0.011037,0.027770,True,1
2/19/2026 12:00:00 AM,2/18/2026 7:00:00 PM,1,PJM-RTO,,,ZONE,,33.610000,33.637827,0.009426,0.020901,True,1
2/19/2026 1:00:00 AM,2/18/2026 8:00:00 PM,1,PJM-RTO,,,ZONE,,36.690000,36.728559,0.013235,0.023658,True,1
2/19/2026 2:00:00 AM,2/18/2026 9:00:00 PM,1,PJM-RTO,,,ZONE,,39.540000,39.588410,0.025772,0.022639,True,1
2/19/2026 3:00:00 AM,2/18/2026 10:00:00 PM,1,PJM-RTO,,,ZONE,,34.200000,34.236379,0.014851,0.023195,True,1
2/19/2026 4:00:00 AM,2/18/2026 11:00:00 PM,1,PJM-RTO,,,ZONE,,36.860000,36.898475,0.010905,0.023404,True,1
2/19/2026 5:00:00 AM,2/19/2026 12:00:00 AM,1,PJM-RTO,,,ZONE,,26.940000,26.958770,0.005388,0.016716,True,1
2/19/2026 6:00:00 AM,2/19/2026 1:00:00 AM,1,PJM-RTO,,,ZONE,,27.490000,27.508658,0.006464,0.017194,True,1
2/19/2026 7:00:00 AM,2/19/2026 2:00:00 AM,1,PJM-RTO,,,ZONE,,28.800000,28.822951,0.006946,0.019338,True,1
2/19/2026 8:00:00 AM,2/19/2026 3:00:00 AM,1,PJM-RTO,,,ZONE,,28.970000,28.994219,0.007177,0.019542,True,1
2/19/2026 9:00:00 AM,2/19/2026 4:00:00 AM,1,PJM-RTO,,,ZONE,,33.710000,33.739935,0.009775,0.021827,True,1
2/19/2026 10:00:00 AM,2/19/2026 5:00:00 AM,1,PJM-RTO,,,ZONE,,114.130000,114.441908,0.240796,0.067779,True,1
2/19/2026 11:00:00 AM,2/19/2026 6:00:00 AM,1,PJM-RTO,,,ZONE,,85.400000,85.613681,0.160816,0.054532,True,1
2/19/2026 12:00:00 PM,2/19/2026 7:00:00 AM,1,PJM-RTO,,,ZONE,,37.070000,37.112209,0.012993,0.025049,True,1
2/19/2026 1:00:00 PM,2/19/2026 8:00:00 AM,1,PJM-RTO,,,ZONE,,31.690000,31.715914,0.007725,0.021523,True,1
2/19/2026 2:00:00 PM,2/19/2026 9:00:00 AM,1,PJM-RTO,,,ZONE,,52.260000,52.354953,0.058164,0.034289,True,1
2/19/2026 3:00:00 PM,2/19/2026 10:00:00 AM,1,PJM-RTO,,,ZONE,,34.690000,34.730380,0.013895,0.025652,True,1
2/19/2026 4:00:00 PM,2/19/2026 11:00:00 AM,1,PJM-RTO,,,ZONE,,34.080000,34.119502,0.015684,0.026318,True,1
2/19/2026 5:00:00 PM,2/19/2026 12:00:00 PM,1,PJM-RTO,,,ZONE,,33.500000,33.524087,0.002671,0.023916,True,1
2/19/2026 6:00:00 PM,2/19/2026 1:00:00 PM,1,PJM-RTO,,,ZONE,,33.480000,33.507570,0.000652,0.024417,True,1
2/19/2026 7:00:00 PM,2/19/2026 2:00:00 PM,1,PJM-RTO,,,ZONE,,30.860000,30.879788,-0.001565,0.021353,True,1
2/19/2026 8:00:00 PM,2/19/2026 3:00:00 PM,1,PJM-RTO,,,ZONE,,29.680000,29.695992,-0.011545,0.024203,True,1
2/19/2026 9:00:00 PM,2/19/2026 4:00:00 PM,1,PJM-RTO,,,ZONE,,36.250000,36.279360,0.002506,0.026021,True,1
2/19/2026 10:00:00 PM,2/19/2026 5:00:00 PM,1,PJM-RTO,,,ZONE,,49.120000,49.206932,0.056908,0.032524,True,1
2/19/2026 11:00:00 PM,2/19/2026 6:00:00 PM,1,PJM-RTO,,,ZONE,,39.880000,39.942103,0.034172,0.028764,True,1
2/20/2026 12:00:00 AM,2/19/2026 7:00:00 PM,1,PJM-RTO,,,ZONE,,33.100000,33.145776,0.021990,0.022951,True,1
2/20/2026 1:00:00 AM,2/19/2026 8:00:00 PM,1,PJM-RTO,,,ZONE,,43.230000,43.305344,0.041060,0.030118,True,1
2/20/2026 2:00:00 AM,2/19/2026 9:00:00 PM,1,PJM-RTO,,,ZONE,,36.480000,36.524489,0.022367,0.025456,True,1
2/20/2026 3:00:00 AM,2/19/2026 10:00:00 PM,1,PJM-RTO,,,ZONE,,29.890000,29.934478,0.022034,0.019944,True,1
2/20/2026 4:00:00 AM,2/19/2026 11:00:00 PM,1,PJM-RTO,,,ZONE,,26.690000,26.726112,0.014476,0.019136,True,1
